cpu-bind=MASK - l10020, task  0  0 [551145]: mask 0x1 set
cpu-bind=MASK - l10020, task  1  1 [551146]: mask 0x10000 set
cpu-bind=MASK - l10020, task  2  2 [551147]: mask 0x100000000 set
cpu-bind=MASK - l10020, task  3  3 [551148]: mask 0x1000000000000 set
cpu-bind=MASK - l10020, task  4  4 [551149]: mask 0x10000000000000000 set
cpu-bind=MASK - l10020, task  5  5 [551150]: mask 0x100000000000000000000 set
cpu-bind=MASK - l10020, task  6  6 [551151]: mask 0x1000000000000000000000000 set
cpu-bind=MASK - l10020, task  7  7 [551152]: mask 0x10000000000000000000000000000 set
cpu-bind=MASK - l10020, task  8  8 [551153]: mask 0x2 set
cpu-bind=MASK - l10020, task  9  9 [551154]: mask 0x20000 set
cpu-bind=MASK - l10020, task 10 10 [551155]: mask 0x200000000 set
cpu-bind=MASK - l10020, task 11 11 [551156]: mask 0x2000000000000 set
cpu-bind=MASK - l10020, task 12 12 [551157]: mask 0x20000000000000000 set
cpu-bind=MASK - l10020, task 13 13 [551158]: mask 0x200000000000000000000 set
cpu-bind=MASK - l10020, task 14 14 [551159]: mask 0x2000000000000000000000000 set
cpu-bind=MASK - l10020, task 15 15 [551160]: mask 0x20000000000000000000000000000 set
cpu-bind=MASK - l10046, task 48  0 [838108]: mask 0x1 set
cpu-bind=MASK - l10046, task 49  1 [838109]: mask 0x10000 set
cpu-bind=MASK - l10046, task 50  2 [838110]: mask 0x100000000 set
cpu-bind=MASK - l10046, task 51  3 [838111]: mask 0x1000000000000 set
cpu-bind=MASK - l10029, task 32  0 [785038]: mask 0x1 set
cpu-bind=MASK - l10046, task 52  4 [838112]: mask 0x10000000000000000 set
cpu-bind=MASK - l10029, task 33  1 [785039]: mask 0x10000 set
cpu-bind=MASK - l10046, task 53  5 [838113]: mask 0x100000000000000000000 set
cpu-bind=MASK - l10029, task 34  2 [785040]: mask 0x100000000 set
cpu-bind=MASK - l10046, task 54  6 [838114]: mask 0x1000000000000000000000000 set
cpu-bind=MASK - l10029, task 35  3 [785041]: mask 0x1000000000000 set
cpu-bind=MASK - l10046, task 55  7 [838115]: mask 0x10000000000000000000000000000 set
cpu-bind=MASK - l10029, task 36  4 [785042]: mask 0x10000000000000000 set
cpu-bind=MASK - l10046, task 56  8 [838116]: mask 0x2 set
cpu-bind=MASK - l10029, task 37  5 [785043]: mask 0x100000000000000000000 set
cpu-bind=MASK - l10046, task 57  9 [838117]: mask 0x20000 set
cpu-bind=MASK - l10029, task 38  6 [785044]: mask 0x1000000000000000000000000 set
cpu-bind=MASK - l10021, task 16  0 [819880]: mask 0x1 set
cpu-bind=MASK - l10029, task 39  7 [785045]: mask 0x10000000000000000000000000000 set
cpu-bind=MASK - l10046, task 58 10 [838118]: mask 0x200000000 set
cpu-bind=MASK - l10021, task 17  1 [819881]: mask 0x10000 set
cpu-bind=MASK - l10029, task 40  8 [785046]: mask 0x2 set
cpu-bind=MASK - l10046, task 59 11 [838119]: mask 0x2000000000000 set
cpu-bind=MASK - l10021, task 18  2 [819882]: mask 0x100000000 set
cpu-bind=MASK - l10029, task 41  9 [785047]: mask 0x20000 set
cpu-bind=MASK - l10046, task 60 12 [838120]: mask 0x20000000000000000 set
cpu-bind=MASK - l10021, task 19  3 [819883]: mask 0x1000000000000 set
cpu-bind=MASK - l10029, task 42 10 [785048]: mask 0x200000000 set
cpu-bind=MASK - l10046, task 61 13 [838121]: mask 0x200000000000000000000 set
cpu-bind=MASK - l10021, task 20  4 [819884]: mask 0x10000000000000000 set
cpu-bind=MASK - l10029, task 43 11 [785049]: mask 0x2000000000000 set
cpu-bind=MASK - l10021, task 21  5 [819885]: mask 0x100000000000000000000 set
cpu-bind=MASK - l10046, task 62 14 [838122]: mask 0x2000000000000000000000000 set
cpu-bind=MASK - l10021, task 22  6 [819886]: mask 0x1000000000000000000000000 set
cpu-bind=MASK - l10029, task 44 12 [785050]: mask 0x20000000000000000 set
cpu-bind=MASK - l10046, task 63 15 [838123]: mask 0x20000000000000000000000000000 set
cpu-bind=MASK - l10021, task 23  7 [819887]: mask 0x10000000000000000000000000000 set
cpu-bind=MASK - l10029, task 45 13 [785051]: mask 0x200000000000000000000 set
cpu-bind=MASK - l10021, task 24  8 [819888]: mask 0x2 set
cpu-bind=MASK - l10029, task 46 14 [785052]: mask 0x2000000000000000000000000 set
cpu-bind=MASK - l10021, task 25  9 [819889]: mask 0x20000 set
cpu-bind=MASK - l10021, task 26 10 [819890]: mask 0x200000000 set
cpu-bind=MASK - l10029, task 47 15 [785053]: mask 0x20000000000000000000000000000 set
cpu-bind=MASK - l10021, task 27 11 [819891]: mask 0x2000000000000 set
cpu-bind=MASK - l10021, task 28 12 [819892]: mask 0x20000000000000000 set
cpu-bind=MASK - l10021, task 29 13 [819893]: mask 0x200000000000000000000 set
cpu-bind=MASK - l10021, task 30 14 [819894]: mask 0x2000000000000000000000000 set
cpu-bind=MASK - l10021, task 31 15 [819895]: mask 0x20000000000000000000000000000 set
--------------------------------------------------------------------------------
                                  PinCFlow.jl

                                  developed by
                              Rieper et al. (2013)
                            Muraschko et al. (2014)
                             Boeloeni et al. (2016)
                             Wilhelm et al. (2018)
                               Wei et al. (2019)
                              Schmid et al. (2021)
                              Jochum et al. (2025)

                            modified by many others
--------------------------------------------------------------------------------

Date: 2026-06-16
Time: 10:31:10.358

Virtual topology: (npx, npy, npz) = (8, 1, 8)

--------------------------------------------------------------------------------
BicGStab: Solving linear system...
--------------------------------------------------------------------------------

Iterations: 55
Final residual: 8.40459574375279e-9

--------------------------------------------------------------------------------
Output into file periodic_hill.h5
Physical time: 0.0 s
Machine time: 29 seconds, 564 milliseconds
--------------------------------------------------------------------------------

Starting the time loop...

--------------------------------------------------------------------------------
Time step = 1
Time = 0.0 seconds
--------------------------------------------------------------------------------

dtvisc = 3.703703703703704e9 seconds
dtconv = 24.56685260226183 seconds
dtmax = 1000.0 seconds

=> dt = dtconv = 24.56685260226183 seconds

Beginning a semi-implicit time step...

(1) Explicit integration of LHS over dt/2...

(2) Implicit integration of RHS over dt/2...

--------------------------------------------------------------------------------
BicGStab: Solving linear system...
--------------------------------------------------------------------------------

Iterations: 91
Final residual: 6.327778803184101e-9

(3) Explicit integration of RHS over dt/2...

(4) Explicit integration of LHS over dt...

(5) Implicit integration of RHS over dt/2...

--------------------------------------------------------------------------------
BicGStab: Solving linear system...
--------------------------------------------------------------------------------

Iterations: 72
Final residual: 7.691209981035117e-7

...the semi-implicit time step is done.

--------------------------------------------------------------------------------
Time step = 2
Time = 24.56685260226183 seconds
--------------------------------------------------------------------------------

dtvisc = 3.703703703703704e9 seconds
dtconv = 24.553017450207207 seconds
dtmax = 1000.0 seconds

=> dt = dtconv = 24.553017450207207 seconds

Beginning a semi-implicit time step...

(1) Explicit integration of LHS over dt/2...

(2) Implicit integration of RHS over dt/2...

--------------------------------------------------------------------------------
BicGStab: Solving linear system...
--------------------------------------------------------------------------------

Iterations: 65
Final residual: 3.2804563941170413e-8

(3) Explicit integration of RHS over dt/2...

(4) Explicit integration of LHS over dt...

(5) Implicit integration of RHS over dt/2...

--------------------------------------------------------------------------------
BicGStab: Solving linear system...
--------------------------------------------------------------------------------

Iterations: 78
Final residual: 7.17961043810232e-7

...the semi-implicit time step is done.

--------------------------------------------------------------------------------
Time step = 3
Time = 49.11987005246903 seconds
--------------------------------------------------------------------------------

dtvisc = 3.703703703703704e9 seconds
dtconv = 24.51174086552397 seconds
dtmax = 1000.0 seconds

=> dt = dtconv = 24.51174086552397 seconds

Beginning a semi-implicit time step...

(1) Explicit integration of LHS over dt/2...

(2) Implicit integration of RHS over dt/2...

--------------------------------------------------------------------------------
BicGStab: Solving linear system...
--------------------------------------------------------------------------------

Iterations: 79
Final residual: 2.7433850781165962e-8

(3) Explicit integration of RHS over dt/2...

(4) Explicit integration of LHS over dt...

(5) Implicit integration of RHS over dt/2...

--------------------------------------------------------------------------------
BicGStab: Solving linear system...
--------------------------------------------------------------------------------

Iterations: 81
Final residual: 2.010607446092982e-6

...the semi-implicit time step is done.

--------------------------------------------------------------------------------
Time step = 4
Time = 73.631610917993 seconds
--------------------------------------------------------------------------------

dtvisc = 3.703703703703704e9 seconds
dtconv = 24.446151047125745 seconds
dtmax = 1000.0 seconds

=> dt = dtconv = 24.446151047125745 seconds

Beginning a semi-implicit time step...

(1) Explicit integration of LHS over dt/2...

(2) Implicit integration of RHS over dt/2...

--------------------------------------------------------------------------------
BicGStab: Solving linear system...
--------------------------------------------------------------------------------

Iterations: 68
Final residual: 5.2081943172224894e-8

(3) Explicit integration of RHS over dt/2...

(4) Explicit integration of LHS over dt...

(5) Implicit integration of RHS over dt/2...

--------------------------------------------------------------------------------
BicGStab: Solving linear system...
--------------------------------------------------------------------------------

Iterations: 76
Final residual: 2.5377225710252845e-6

...the semi-implicit time step is done.

--------------------------------------------------------------------------------
Time step = 5
Time = 98.07776196511874 seconds
--------------------------------------------------------------------------------

dtvisc = 3.703703703703704e9 seconds
dtconv = 24.36052255410273 seconds
dtmax = 1000.0 seconds

=> dt = dtconv = 24.36052255410273 seconds

Time step for output: dt = 1.9222380348812491 seconds

Beginning a semi-implicit time step...

(1) Explicit integration of LHS over dt/2...

(2) Implicit integration of RHS over dt/2...

--------------------------------------------------------------------------------
BicGStab: Solving linear system...
--------------------------------------------------------------------------------

Iterations: 73
Final residual: 4.0039634888042685e-7

(3) Explicit integration of RHS over dt/2...

(4) Explicit integration of LHS over dt...

(5) Implicit integration of RHS over dt/2...

--------------------------------------------------------------------------------
BicGStab: Solving linear system...
--------------------------------------------------------------------------------

Iterations: 53
Final residual: 2.6304693156494077e-6

...the semi-implicit time step is done.

--------------------------------------------------------------------------------
Output into file periodic_hill.h5
Physical time: 100.0 s
Machine time: 1 minute, 24 seconds, 925 milliseconds
--------------------------------------------------------------------------------

--------------------------------------------------------------------------------
Time step = 6
Time = 100.0 seconds
--------------------------------------------------------------------------------

dtvisc = 3.703703703703704e9 seconds
dtconv = 24.353008951952607 seconds
dtmax = 1000.0 seconds

=> dt = dtconv = 24.353008951952607 seconds

Beginning a semi-implicit time step...

(1) Explicit integration of LHS over dt/2...

(2) Implicit integration of RHS over dt/2...

--------------------------------------------------------------------------------
BicGStab: Solving linear system...
--------------------------------------------------------------------------------

Iterations: 79
Final residual: 5.2945595457799864e-8

(3) Explicit integration of RHS over dt/2...

(4) Explicit integration of LHS over dt...

(5) Implicit integration of RHS over dt/2...

--------------------------------------------------------------------------------
BicGStab: Solving linear system...
--------------------------------------------------------------------------------

Iterations: 75
Final residual: 2.4022654718180043e-6

...the semi-implicit time step is done.

--------------------------------------------------------------------------------
Time step = 7
Time = 124.3530089519526 seconds
--------------------------------------------------------------------------------

dtvisc = 3.703703703703704e9 seconds
dtconv = 24.248391627481706 seconds
dtmax = 1000.0 seconds

=> dt = dtconv = 24.248391627481706 seconds

Beginning a semi-implicit time step...

(1) Explicit integration of LHS over dt/2...

(2) Implicit integration of RHS over dt/2...

--------------------------------------------------------------------------------
BicGStab: Solving linear system...
--------------------------------------------------------------------------------

Iterations: 78
Final residual: 7.908905046110575e-8

(3) Explicit integration of RHS over dt/2...

(4) Explicit integration of LHS over dt...

(5) Implicit integration of RHS over dt/2...

--------------------------------------------------------------------------------
BicGStab: Solving linear system...
--------------------------------------------------------------------------------

Iterations: 75
Final residual: 2.1895434333104527e-6

...the semi-implicit time step is done.

--------------------------------------------------------------------------------
Time step = 8
Time = 148.6014005794343 seconds
--------------------------------------------------------------------------------

dtvisc = 3.703703703703704e9 seconds
dtconv = 24.134751845607862 seconds
dtmax = 1000.0 seconds

=> dt = dtconv = 24.134751845607862 seconds

Beginning a semi-implicit time step...

(1) Explicit integration of LHS over dt/2...

(2) Implicit integration of RHS over dt/2...

--------------------------------------------------------------------------------
BicGStab: Solving linear system...
--------------------------------------------------------------------------------

Iterations: 77
Final residual: 8.260282037025839e-8

(3) Explicit integration of RHS over dt/2...

(4) Explicit integration of LHS over dt...

(5) Implicit integration of RHS over dt/2...

--------------------------------------------------------------------------------
BicGStab: Solving linear system...
--------------------------------------------------------------------------------

Iterations: 71
Final residual: 1.1633328670781482e-6

...the semi-implicit time step is done.

--------------------------------------------------------------------------------
Time step = 9
Time = 172.73615242504218 seconds
--------------------------------------------------------------------------------

dtvisc = 3.703703703703704e9 seconds
dtconv = 24.01828389515546 seconds
dtmax = 1000.0 seconds

=> dt = dtconv = 24.01828389515546 seconds

Beginning a semi-implicit time step...

(1) Explicit integration of LHS over dt/2...

(2) Implicit integration of RHS over dt/2...

--------------------------------------------------------------------------------
BicGStab: Solving linear system...
--------------------------------------------------------------------------------

Iterations: 79
Final residual: 8.365360104711708e-8

(3) Explicit integration of RHS over dt/2...

(4) Explicit integration of LHS over dt...

(5) Implicit integration of RHS over dt/2...

--------------------------------------------------------------------------------
BicGStab: Solving linear system...
--------------------------------------------------------------------------------

Iterations: 75
Final residual: 2.7856072269912333e-6

...the semi-implicit time step is done.

--------------------------------------------------------------------------------
Time step = 10
Time = 196.75443632019764 seconds
--------------------------------------------------------------------------------

dtvisc = 3.703703703703704e9 seconds
dtconv = 23.900269022360412 seconds
dtmax = 1000.0 seconds

=> dt = dtconv = 23.900269022360412 seconds

Time step for output: dt = 3.2455636798023377 seconds

Beginning a semi-implicit time step...

(1) Explicit integration of LHS over dt/2...

(2) Implicit integration of RHS over dt/2...

--------------------------------------------------------------------------------
BicGStab: Solving linear system...
--------------------------------------------------------------------------------

Iterations: 68
Final residual: 8.6293408714065e-7

(3) Explicit integration of RHS over dt/2...

(4) Explicit integration of LHS over dt...

(5) Implicit integration of RHS over dt/2...

--------------------------------------------------------------------------------
BicGStab: Solving linear system...
--------------------------------------------------------------------------------

Iterations: 54
Final residual: 4.199155637938243e-6

...the semi-implicit time step is done.

--------------------------------------------------------------------------------
Output into file periodic_hill.h5
Physical time: 200.0 s
Machine time: 1 minute, 26 seconds, 600 milliseconds
--------------------------------------------------------------------------------

--------------------------------------------------------------------------------
Time step = 11
Time = 200.0 seconds
--------------------------------------------------------------------------------

dtvisc = 3.703703703703704e9 seconds
dtconv = 23.884284911791184 seconds
dtmax = 1000.0 seconds

=> dt = dtconv = 23.884284911791184 seconds

Beginning a semi-implicit time step...

(1) Explicit integration of LHS over dt/2...

(2) Implicit integration of RHS over dt/2...

--------------------------------------------------------------------------------
BicGStab: Solving linear system...
--------------------------------------------------------------------------------

Iterations: 80
Final residual: 1.0314841232847059e-7

(3) Explicit integration of RHS over dt/2...

(4) Explicit integration of LHS over dt...

(5) Implicit integration of RHS over dt/2...

--------------------------------------------------------------------------------
BicGStab: Solving linear system...
--------------------------------------------------------------------------------

Iterations: 77
Final residual: 2.451994298677425e-6

...the semi-implicit time step is done.

--------------------------------------------------------------------------------
Time step = 12
Time = 223.88428491179116 seconds
--------------------------------------------------------------------------------

dtvisc = 3.703703703703704e9 seconds
dtconv = 23.76873678514135 seconds
dtmax = 1000.0 seconds

=> dt = dtconv = 23.76873678514135 seconds

Beginning a semi-implicit time step...

(1) Explicit integration of LHS over dt/2...

(2) Implicit integration of RHS over dt/2...

--------------------------------------------------------------------------------
BicGStab: Solving linear system...
--------------------------------------------------------------------------------

Iterations: 86
Final residual: 1.1858046934981078e-7

(3) Explicit integration of RHS over dt/2...

(4) Explicit integration of LHS over dt...

(5) Implicit integration of RHS over dt/2...

--------------------------------------------------------------------------------
BicGStab: Solving linear system...
--------------------------------------------------------------------------------

Iterations: 88
Final residual: 2.313527902324761e-6

...the semi-implicit time step is done.

--------------------------------------------------------------------------------
Time step = 13
Time = 247.6530216969325 seconds
--------------------------------------------------------------------------------

dtvisc = 3.703703703703704e9 seconds
dtconv = 23.661821587875718 seconds
dtmax = 1000.0 seconds

=> dt = dtconv = 23.661821587875718 seconds

Beginning a semi-implicit time step...

(1) Explicit integration of LHS over dt/2...

(2) Implicit integration of RHS over dt/2...

--------------------------------------------------------------------------------
BicGStab: Solving linear system...
--------------------------------------------------------------------------------

Iterations: 80
Final residual: 1.4167725235624567e-7

(3) Explicit integration of RHS over dt/2...

(4) Explicit integration of LHS over dt...

(5) Implicit integration of RHS over dt/2...

--------------------------------------------------------------------------------
BicGStab: Solving linear system...
--------------------------------------------------------------------------------

Iterations: 74
Final residual: 2.596235259673409e-6

...the semi-implicit time step is done.

--------------------------------------------------------------------------------
Time step = 14
Time = 271.31484328480826 seconds
--------------------------------------------------------------------------------

dtvisc = 3.703703703703704e9 seconds
dtconv = 23.56568485217408 seconds
dtmax = 1000.0 seconds

=> dt = dtconv = 23.56568485217408 seconds

Beginning a semi-implicit time step...

(1) Explicit integration of LHS over dt/2...

(2) Implicit integration of RHS over dt/2...

--------------------------------------------------------------------------------
BicGStab: Solving linear system...
--------------------------------------------------------------------------------

Iterations: 79
Final residual: 1.5730189407686668e-7

(3) Explicit integration of RHS over dt/2...

(4) Explicit integration of LHS over dt...

(5) Implicit integration of RHS over dt/2...

--------------------------------------------------------------------------------
BicGStab: Solving linear system...
--------------------------------------------------------------------------------

Iterations: 75
Final residual: 1.2918302185271127e-7

...the semi-implicit time step is done.

--------------------------------------------------------------------------------
Time step = 15
Time = 294.8805281369824 seconds
--------------------------------------------------------------------------------

dtvisc = 3.703703703703704e9 seconds
dtconv = 23.47452109831874 seconds
dtmax = 1000.0 seconds

=> dt = dtconv = 23.47452109831874 seconds

Time step for output: dt = 5.119471863017669 seconds

Beginning a semi-implicit time step...

(1) Explicit integration of LHS over dt/2...

(2) Implicit integration of RHS over dt/2...

--------------------------------------------------------------------------------
BicGStab: Solving linear system...
--------------------------------------------------------------------------------

Iterations: 73
Final residual: 7.924838627941447e-7

(3) Explicit integration of RHS over dt/2...

(4) Explicit integration of LHS over dt...

(5) Implicit integration of RHS over dt/2...

--------------------------------------------------------------------------------
BicGStab: Solving linear system...
--------------------------------------------------------------------------------

Iterations: 61
Final residual: 3.964111728639068e-6

...the semi-implicit time step is done.

--------------------------------------------------------------------------------
Output into file periodic_hill.h5
Physical time: 300.0 s
Machine time: 1 minute, 28 seconds, 812 milliseconds
--------------------------------------------------------------------------------

--------------------------------------------------------------------------------
Time step = 16
Time = 300.0 seconds
--------------------------------------------------------------------------------

dtvisc = 3.703703703703704e9 seconds
dtconv = 23.45577834437241 seconds
dtmax = 1000.0 seconds

=> dt = dtconv = 23.45577834437241 seconds

Beginning a semi-implicit time step...

(1) Explicit integration of LHS over dt/2...

(2) Implicit integration of RHS over dt/2...

--------------------------------------------------------------------------------
BicGStab: Solving linear system...
--------------------------------------------------------------------------------

Iterations: 82
Final residual: 2.444585746636881e-7

(3) Explicit integration of RHS over dt/2...

(4) Explicit integration of LHS over dt...

(5) Implicit integration of RHS over dt/2...

--------------------------------------------------------------------------------
BicGStab: Solving linear system...
--------------------------------------------------------------------------------

Iterations: 60
Final residual: 2.2081728706961954e-6

...the semi-implicit time step is done.

--------------------------------------------------------------------------------
Time step = 17
Time = 323.45577834437245 seconds
--------------------------------------------------------------------------------

dtvisc = 3.703703703703704e9 seconds
dtconv = 23.375362015485116 seconds
dtmax = 1000.0 seconds

=> dt = dtconv = 23.375362015485116 seconds

Beginning a semi-implicit time step...

(1) Explicit integration of LHS over dt/2...

(2) Implicit integration of RHS over dt/2...

--------------------------------------------------------------------------------
BicGStab: Solving linear system...
--------------------------------------------------------------------------------

Iterations: 77
Final residual: 2.173835769377359e-7

(3) Explicit integration of RHS over dt/2...

(4) Explicit integration of LHS over dt...

(5) Implicit integration of RHS over dt/2...

--------------------------------------------------------------------------------
BicGStab: Solving linear system...
--------------------------------------------------------------------------------

Iterations: 66
Final residual: 1.87279083046444e-6

...the semi-implicit time step is done.

--------------------------------------------------------------------------------
Time step = 18
Time = 346.83114035985756 seconds
--------------------------------------------------------------------------------

dtvisc = 3.703703703703704e9 seconds
dtconv = 23.304897204328178 seconds
dtmax = 1000.0 seconds

=> dt = dtconv = 23.304897204328178 seconds

Beginning a semi-implicit time step...

(1) Explicit integration of LHS over dt/2...

(2) Implicit integration of RHS over dt/2...

--------------------------------------------------------------------------------
BicGStab: Solving linear system...
--------------------------------------------------------------------------------

Iterations: 76
Final residual: 1.5737813336040018e-7

(3) Explicit integration of RHS over dt/2...

(4) Explicit integration of LHS over dt...

(5) Implicit integration of RHS over dt/2...

--------------------------------------------------------------------------------
BicGStab: Solving linear system...
--------------------------------------------------------------------------------

Iterations: 72
Final residual: 7.455020163431288e-7

...the semi-implicit time step is done.

--------------------------------------------------------------------------------
Time step = 19
Time = 370.13603756418576 seconds
--------------------------------------------------------------------------------

dtvisc = 3.703703703703704e9 seconds
dtconv = 23.243655545671928 seconds
dtmax = 1000.0 seconds

=> dt = dtconv = 23.243655545671928 seconds

Beginning a semi-implicit time step...

(1) Explicit integration of LHS over dt/2...

(2) Implicit integration of RHS over dt/2...

--------------------------------------------------------------------------------
BicGStab: Solving linear system...
--------------------------------------------------------------------------------

Iterations: 73
Final residual: 2.243715034838623e-7

(3) Explicit integration of RHS over dt/2...

(4) Explicit integration of LHS over dt...

(5) Implicit integration of RHS over dt/2...

--------------------------------------------------------------------------------
BicGStab: Solving linear system...
--------------------------------------------------------------------------------

Iterations: 72
Final residual: 1.1722046421009302e-6

...the semi-implicit time step is done.

--------------------------------------------------------------------------------
Time step = 20
Time = 393.3796931098577 seconds
--------------------------------------------------------------------------------

dtvisc = 3.703703703703704e9 seconds
dtconv = 23.18755687701037 seconds
dtmax = 1000.0 seconds

=> dt = dtconv = 23.18755687701037 seconds

Time step for output: dt = 6.620306890142264 seconds

Beginning a semi-implicit time step...

(1) Explicit integration of LHS over dt/2...

(2) Implicit integration of RHS over dt/2...

--------------------------------------------------------------------------------
BicGStab: Solving linear system...
--------------------------------------------------------------------------------

Iterations: 75
Final residual: 7.796671282894545e-7

(3) Explicit integration of RHS over dt/2...

(4) Explicit integration of LHS over dt...

(5) Implicit integration of RHS over dt/2...

--------------------------------------------------------------------------------
BicGStab: Solving linear system...
--------------------------------------------------------------------------------

Iterations: 66
Final residual: 7.317330319301231e-6

...the semi-implicit time step is done.

--------------------------------------------------------------------------------
Output into file periodic_hill.h5
Physical time: 400.0 s
Machine time: 1 minute, 30 seconds, 598 milliseconds
--------------------------------------------------------------------------------

--------------------------------------------------------------------------------
Time step = 21
Time = 400.0 seconds
--------------------------------------------------------------------------------

dtvisc = 3.703703703703704e9 seconds
dtconv = 23.17157116695225 seconds
dtmax = 1000.0 seconds

=> dt = dtconv = 23.17157116695225 seconds

Beginning a semi-implicit time step...

(1) Explicit integration of LHS over dt/2...

(2) Implicit integration of RHS over dt/2...

--------------------------------------------------------------------------------
BicGStab: Solving linear system...
--------------------------------------------------------------------------------

Iterations: 76
Final residual: 2.2194898515350023e-7

(3) Explicit integration of RHS over dt/2...

(4) Explicit integration of LHS over dt...

(5) Implicit integration of RHS over dt/2...

--------------------------------------------------------------------------------
BicGStab: Solving linear system...
--------------------------------------------------------------------------------

Iterations: 72
Final residual: 1.2384036229531313e-6

...the semi-implicit time step is done.

--------------------------------------------------------------------------------
Time step = 22
Time = 423.1715711669522 seconds
--------------------------------------------------------------------------------

dtvisc = 3.703703703703704e9 seconds
dtconv = 23.11845818657075 seconds
dtmax = 1000.0 seconds

=> dt = dtconv = 23.11845818657075 seconds

Beginning a semi-implicit time step...

(1) Explicit integration of LHS over dt/2...

(2) Implicit integration of RHS over dt/2...

--------------------------------------------------------------------------------
BicGStab: Solving linear system...
--------------------------------------------------------------------------------

Iterations: 79
Final residual: 1.6625791978209954e-7

(3) Explicit integration of RHS over dt/2...

(4) Explicit integration of LHS over dt...

(5) Implicit integration of RHS over dt/2...

--------------------------------------------------------------------------------
BicGStab: Solving linear system...
--------------------------------------------------------------------------------

Iterations: 74
Final residual: 5.7949147031886e-7

...the semi-implicit time step is done.

--------------------------------------------------------------------------------
Time step = 23
Time = 446.290029353523 seconds
--------------------------------------------------------------------------------

dtvisc = 3.703703703703704e9 seconds
dtconv = 23.070139091530496 seconds
dtmax = 1000.0 seconds

=> dt = dtconv = 23.070139091530496 seconds

Beginning a semi-implicit time step...

(1) Explicit integration of LHS over dt/2...

(2) Implicit integration of RHS over dt/2...

--------------------------------------------------------------------------------
BicGStab: Solving linear system...
--------------------------------------------------------------------------------

Iterations: 78
Final residual: 2.7143704070706404e-7

(3) Explicit integration of RHS over dt/2...

(4) Explicit integration of LHS over dt...

(5) Implicit integration of RHS over dt/2...

--------------------------------------------------------------------------------
BicGStab: Solving linear system...
--------------------------------------------------------------------------------

Iterations: 70
Final residual: 7.887045739040995e-7

...the semi-implicit time step is done.

--------------------------------------------------------------------------------
Time step = 24
Time = 469.3601684450535 seconds
--------------------------------------------------------------------------------

dtvisc = 3.703703703703704e9 seconds
dtconv = 23.026826542363793 seconds
dtmax = 1000.0 seconds

=> dt = dtconv = 23.026826542363793 seconds

Beginning a semi-implicit time step...

(1) Explicit integration of LHS over dt/2...

(2) Implicit integration of RHS over dt/2...

--------------------------------------------------------------------------------
BicGStab: Solving linear system...
--------------------------------------------------------------------------------

Iterations: 80
Final residual: 1.3379166131953788e-7

(3) Explicit integration of RHS over dt/2...

(4) Explicit integration of LHS over dt...

(5) Implicit integration of RHS over dt/2...

--------------------------------------------------------------------------------
BicGStab: Solving linear system...
--------------------------------------------------------------------------------

Iterations: 78
Final residual: 7.919575639981252e-7

...the semi-implicit time step is done.

--------------------------------------------------------------------------------
Time step = 25
Time = 492.3869949874172 seconds
--------------------------------------------------------------------------------

dtvisc = 3.703703703703704e9 seconds
dtconv = 22.98876014935403 seconds
dtmax = 1000.0 seconds

=> dt = dtconv = 22.98876014935403 seconds

Time step for output: dt = 7.613005012582825 seconds

Beginning a semi-implicit time step...

(1) Explicit integration of LHS over dt/2...

(2) Implicit integration of RHS over dt/2...

--------------------------------------------------------------------------------
BicGStab: Solving linear system...
--------------------------------------------------------------------------------

Iterations: 74
Final residual: 6.197228476413519e-7

(3) Explicit integration of RHS over dt/2...

(4) Explicit integration of LHS over dt...

(5) Implicit integration of RHS over dt/2...

--------------------------------------------------------------------------------
BicGStab: Solving linear system...
--------------------------------------------------------------------------------

Iterations: 79
Final residual: 2.971806230257248e-6

...the semi-implicit time step is done.

--------------------------------------------------------------------------------
Output into file periodic_hill.h5
Physical time: 500.00000000000006 s
Machine time: 1 minute, 32 seconds, 938 milliseconds
--------------------------------------------------------------------------------

--------------------------------------------------------------------------------
Time step = 26
Time = 500.00000000000006 seconds
--------------------------------------------------------------------------------

dtvisc = 3.703703703703704e9 seconds
dtconv = 22.977370555483976 seconds
dtmax = 1000.0 seconds

=> dt = dtconv = 22.977370555483976 seconds

Beginning a semi-implicit time step...

(1) Explicit integration of LHS over dt/2...

(2) Implicit integration of RHS over dt/2...

--------------------------------------------------------------------------------
BicGStab: Solving linear system...
--------------------------------------------------------------------------------

Iterations: 77
Final residual: 4.0899997106528895e-7

(3) Explicit integration of RHS over dt/2...

(4) Explicit integration of LHS over dt...

(5) Implicit integration of RHS over dt/2...

--------------------------------------------------------------------------------
BicGStab: Solving linear system...
--------------------------------------------------------------------------------

Iterations: 73
Final residual: 1.4687239171708458e-6

...the semi-implicit time step is done.

--------------------------------------------------------------------------------
Time step = 27
Time = 522.977370555484 seconds
--------------------------------------------------------------------------------

dtvisc = 3.703703703703704e9 seconds
dtconv = 22.938175520567484 seconds
dtmax = 1000.0 seconds

=> dt = dtconv = 22.938175520567484 seconds

Beginning a semi-implicit time step...

(1) Explicit integration of LHS over dt/2...

(2) Implicit integration of RHS over dt/2...

--------------------------------------------------------------------------------
BicGStab: Solving linear system...
--------------------------------------------------------------------------------

Iterations: 78
Final residual: 3.2805430359996256e-7

(3) Explicit integration of RHS over dt/2...

(4) Explicit integration of LHS over dt...

(5) Implicit integration of RHS over dt/2...

--------------------------------------------------------------------------------
BicGStab: Solving linear system...
--------------------------------------------------------------------------------

Iterations: 73
Final residual: 7.797757419586643e-7

...the semi-implicit time step is done.

--------------------------------------------------------------------------------
Time step = 28
Time = 545.9155460760514 seconds
--------------------------------------------------------------------------------

dtvisc = 3.703703703703704e9 seconds
dtconv = 22.902434007795797 seconds
dtmax = 1000.0 seconds

=> dt = dtconv = 22.902434007795797 seconds

Beginning a semi-implicit time step...

(1) Explicit integration of LHS over dt/2...

(2) Implicit integration of RHS over dt/2...

--------------------------------------------------------------------------------
BicGStab: Solving linear system...
--------------------------------------------------------------------------------

Iterations: 77
Final residual: 3.540737343561974e-7

(3) Explicit integration of RHS over dt/2...

(4) Explicit integration of LHS over dt...

(5) Implicit integration of RHS over dt/2...

--------------------------------------------------------------------------------
BicGStab: Solving linear system...
--------------------------------------------------------------------------------

Iterations: 73
Final residual: 5.329019066271247e-7

...the semi-implicit time step is done.

--------------------------------------------------------------------------------
Time step = 29
Time = 568.8179800838473 seconds
--------------------------------------------------------------------------------

dtvisc = 3.703703703703704e9 seconds
dtconv = 22.871544835693886 seconds
dtmax = 1000.0 seconds

=> dt = dtconv = 22.871544835693886 seconds

Beginning a semi-implicit time step...

(1) Explicit integration of LHS over dt/2...

(2) Implicit integration of RHS over dt/2...

--------------------------------------------------------------------------------
BicGStab: Solving linear system...
--------------------------------------------------------------------------------

Iterations: 82
Final residual: 3.4989704102775657e-7

(3) Explicit integration of RHS over dt/2...

(4) Explicit integration of LHS over dt...

(5) Implicit integration of RHS over dt/2...

--------------------------------------------------------------------------------
BicGStab: Solving linear system...
--------------------------------------------------------------------------------

Iterations: 75
Final residual: 1.561951403927969e-6

...the semi-implicit time step is done.

--------------------------------------------------------------------------------
Time step = 30
Time = 591.6895249195411 seconds
--------------------------------------------------------------------------------

dtvisc = 3.703703703703704e9 seconds
dtconv = 22.84622726552824 seconds
dtmax = 1000.0 seconds

=> dt = dtconv = 22.84622726552824 seconds

Time step for output: dt = 8.310475080458925 seconds

Beginning a semi-implicit time step...

(1) Explicit integration of LHS over dt/2...

(2) Implicit integration of RHS over dt/2...

--------------------------------------------------------------------------------
BicGStab: Solving linear system...
--------------------------------------------------------------------------------

Iterations: 69
Final residual: 9.72890916360162e-7

(3) Explicit integration of RHS over dt/2...

(4) Explicit integration of LHS over dt...

(5) Implicit integration of RHS over dt/2...

--------------------------------------------------------------------------------
BicGStab: Solving linear system...
--------------------------------------------------------------------------------

Iterations: 57
Final residual: 6.783355932829366e-6

...the semi-implicit time step is done.

--------------------------------------------------------------------------------
Output into file periodic_hill.h5
Physical time: 600.0 s
Machine time: 1 minute, 36 seconds, 287 milliseconds
--------------------------------------------------------------------------------

--------------------------------------------------------------------------------
Time step = 31
Time = 600.0 seconds
--------------------------------------------------------------------------------

dtvisc = 3.703703703703704e9 seconds
dtconv = 22.838533830995825 seconds
dtmax = 1000.0 seconds

=> dt = dtconv = 22.838533830995825 seconds

Beginning a semi-implicit time step...

(1) Explicit integration of LHS over dt/2...

(2) Implicit integration of RHS over dt/2...

--------------------------------------------------------------------------------
BicGStab: Solving linear system...
--------------------------------------------------------------------------------

Iterations: 72
Final residual: 3.7569142698102645e-7

(3) Explicit integration of RHS over dt/2...

(4) Explicit integration of LHS over dt...

(5) Implicit integration of RHS over dt/2...

--------------------------------------------------------------------------------
BicGStab: Solving linear system...
--------------------------------------------------------------------------------

Iterations: 82
Final residual: 7.359417282424458e-7

...the semi-implicit time step is done.

--------------------------------------------------------------------------------
Time step = 32
Time = 622.8385338309959 seconds
--------------------------------------------------------------------------------

dtvisc = 3.703703703703704e9 seconds
dtconv = 22.821085353992615 seconds
dtmax = 1000.0 seconds

=> dt = dtconv = 22.821085353992615 seconds

Beginning a semi-implicit time step...

(1) Explicit integration of LHS over dt/2...

(2) Implicit integration of RHS over dt/2...

--------------------------------------------------------------------------------
BicGStab: Solving linear system...
--------------------------------------------------------------------------------

Iterations: 80
Final residual: 2.821510494692157e-7

(3) Explicit integration of RHS over dt/2...

(4) Explicit integration of LHS over dt...

(5) Implicit integration of RHS over dt/2...

--------------------------------------------------------------------------------
BicGStab: Solving linear system...
--------------------------------------------------------------------------------

Iterations: 69
Final residual: 1.1700105326204433e-6

...the semi-implicit time step is done.

--------------------------------------------------------------------------------
Time step = 33
Time = 645.6596191849884 seconds
--------------------------------------------------------------------------------

dtvisc = 3.703703703703704e9 seconds
dtconv = 22.802279155494265 seconds
dtmax = 1000.0 seconds

=> dt = dtconv = 22.802279155494265 seconds

Beginning a semi-implicit time step...

(1) Explicit integration of LHS over dt/2...

(2) Implicit integration of RHS over dt/2...

--------------------------------------------------------------------------------
BicGStab: Solving linear system...
--------------------------------------------------------------------------------

Iterations: 78
Final residual: 3.509277544458588e-7

(3) Explicit integration of RHS over dt/2...

(4) Explicit integration of LHS over dt...

(5) Implicit integration of RHS over dt/2...

--------------------------------------------------------------------------------
BicGStab: Solving linear system...
--------------------------------------------------------------------------------

Iterations: 78
Final residual: 1.1315167781011186e-6

...the semi-implicit time step is done.

--------------------------------------------------------------------------------
Time step = 34
Time = 668.4618983404828 seconds
--------------------------------------------------------------------------------

dtvisc = 3.703703703703704e9 seconds
dtconv = 22.78760325984627 seconds
dtmax = 1000.0 seconds

=> dt = dtconv = 22.78760325984627 seconds

Beginning a semi-implicit time step...

(1) Explicit integration of LHS over dt/2...

(2) Implicit integration of RHS over dt/2...

--------------------------------------------------------------------------------
BicGStab: Solving linear system...
--------------------------------------------------------------------------------

Iterations: 76
Final residual: 2.861682586116456e-7

(3) Explicit integration of RHS over dt/2...

(4) Explicit integration of LHS over dt...

(5) Implicit integration of RHS over dt/2...

--------------------------------------------------------------------------------
BicGStab: Solving linear system...
--------------------------------------------------------------------------------

Iterations: 80
Final residual: 1.273063354271972e-6

...the semi-implicit time step is done.

--------------------------------------------------------------------------------
Time step = 35
Time = 691.249501600329 seconds
--------------------------------------------------------------------------------

dtvisc = 3.703703703703704e9 seconds
dtconv = 22.777322406288835 seconds
dtmax = 1000.0 seconds

=> dt = dtconv = 22.777322406288835 seconds

Time step for output: dt = 8.750498399670967 seconds

Beginning a semi-implicit time step...

(1) Explicit integration of LHS over dt/2...

(2) Implicit integration of RHS over dt/2...

--------------------------------------------------------------------------------
BicGStab: Solving linear system...
--------------------------------------------------------------------------------

Iterations: 78
Final residual: 1.1400703501957687e-6

(3) Explicit integration of RHS over dt/2...

(4) Explicit integration of LHS over dt...

(5) Implicit integration of RHS over dt/2...

--------------------------------------------------------------------------------
BicGStab: Solving linear system...
--------------------------------------------------------------------------------

Iterations: 67
Final residual: 3.39701478471359e-6

...the semi-implicit time step is done.

--------------------------------------------------------------------------------
Output into file periodic_hill.h5
Physical time: 700.0 s
Machine time: 1 minute, 39 seconds, 305 milliseconds
--------------------------------------------------------------------------------

--------------------------------------------------------------------------------
Time step = 36
Time = 700.0 seconds
--------------------------------------------------------------------------------

dtvisc = 3.703703703703704e9 seconds
dtconv = 22.774574696994268 seconds
dtmax = 1000.0 seconds

=> dt = dtconv = 22.774574696994268 seconds

Beginning a semi-implicit time step...

(1) Explicit integration of LHS over dt/2...

(2) Implicit integration of RHS over dt/2...

--------------------------------------------------------------------------------
BicGStab: Solving linear system...
--------------------------------------------------------------------------------

Iterations: 76
Final residual: 3.629832409330955e-7

(3) Explicit integration of RHS over dt/2...

(4) Explicit integration of LHS over dt...

(5) Implicit integration of RHS over dt/2...

--------------------------------------------------------------------------------
BicGStab: Solving linear system...
--------------------------------------------------------------------------------

Iterations: 74
Final residual: 1.2012897774202794e-6

...the semi-implicit time step is done.

--------------------------------------------------------------------------------
Time step = 37
Time = 722.7745746969944 seconds
--------------------------------------------------------------------------------

dtvisc = 3.703703703703704e9 seconds
dtconv = 22.770441368412357 seconds
dtmax = 1000.0 seconds

=> dt = dtconv = 22.770441368412357 seconds

Beginning a semi-implicit time step...

(1) Explicit integration of LHS over dt/2...

(2) Implicit integration of RHS over dt/2...

--------------------------------------------------------------------------------
BicGStab: Solving linear system...
--------------------------------------------------------------------------------

Iterations: 77
Final residual: 3.162503394841861e-7

(3) Explicit integration of RHS over dt/2...

(4) Explicit integration of LHS over dt...

(5) Implicit integration of RHS over dt/2...

--------------------------------------------------------------------------------
BicGStab: Solving linear system...
--------------------------------------------------------------------------------

Iterations: 76
Final residual: 1.2601774940734582e-6

...the semi-implicit time step is done.

--------------------------------------------------------------------------------
Time step = 38
Time = 745.5450160654067 seconds
--------------------------------------------------------------------------------

dtvisc = 3.703703703703704e9 seconds
dtconv = 22.769994464077346 seconds
dtmax = 1000.0 seconds

=> dt = dtconv = 22.769994464077346 seconds

Beginning a semi-implicit time step...

(1) Explicit integration of LHS over dt/2...

(2) Implicit integration of RHS over dt/2...

--------------------------------------------------------------------------------
BicGStab: Solving linear system...
--------------------------------------------------------------------------------

Iterations: 74
Final residual: 3.8629784818000486e-7

(3) Explicit integration of RHS over dt/2...

(4) Explicit integration of LHS over dt...

(5) Implicit integration of RHS over dt/2...

--------------------------------------------------------------------------------
BicGStab: Solving linear system...
--------------------------------------------------------------------------------

Iterations: 74
Final residual: 1.4122834442172103e-6

...the semi-implicit time step is done.

--------------------------------------------------------------------------------
Time step = 39
Time = 768.315010529484 seconds
--------------------------------------------------------------------------------

dtvisc = 3.703703703703704e9 seconds
dtconv = 22.772644640360994 seconds
dtmax = 1000.0 seconds

=> dt = dtconv = 22.772644640360994 seconds

Beginning a semi-implicit time step...

(1) Explicit integration of LHS over dt/2...

(2) Implicit integration of RHS over dt/2...

--------------------------------------------------------------------------------
BicGStab: Solving linear system...
--------------------------------------------------------------------------------

Iterations: 76
Final residual: 2.6530560956655963e-7

(3) Explicit integration of RHS over dt/2...

(4) Explicit integration of LHS over dt...

(5) Implicit integration of RHS over dt/2...

--------------------------------------------------------------------------------
BicGStab: Solving linear system...
--------------------------------------------------------------------------------

Iterations: 74
Final residual: 7.329116829508557e-7

...the semi-implicit time step is done.

--------------------------------------------------------------------------------
Time step = 40
Time = 791.087655169845 seconds
--------------------------------------------------------------------------------

dtvisc = 3.703703703703704e9 seconds
dtconv = 22.777858968380034 seconds
dtmax = 1000.0 seconds

=> dt = dtconv = 22.777858968380034 seconds

Time step for output: dt = 8.912344830154952 seconds

Beginning a semi-implicit time step...

(1) Explicit integration of LHS over dt/2...

(2) Implicit integration of RHS over dt/2...

--------------------------------------------------------------------------------
BicGStab: Solving linear system...
--------------------------------------------------------------------------------

Iterations: 69
Final residual: 2.4635569424282316e-7

(3) Explicit integration of RHS over dt/2...

(4) Explicit integration of LHS over dt...

(5) Implicit integration of RHS over dt/2...

--------------------------------------------------------------------------------
BicGStab: Solving linear system...
--------------------------------------------------------------------------------

Iterations: 56
Final residual: 4.220561136117907e-6

...the semi-implicit time step is done.

--------------------------------------------------------------------------------
Output into file periodic_hill.h5
Physical time: 800.0 s
Machine time: 1 minute, 42 seconds, 556 milliseconds
--------------------------------------------------------------------------------

--------------------------------------------------------------------------------
Time step = 41
Time = 800.0 seconds
--------------------------------------------------------------------------------

dtvisc = 3.703703703703704e9 seconds
dtconv = 22.78045217211702 seconds
dtmax = 1000.0 seconds

=> dt = dtconv = 22.78045217211702 seconds

Beginning a semi-implicit time step...

(1) Explicit integration of LHS over dt/2...

(2) Implicit integration of RHS over dt/2...

--------------------------------------------------------------------------------
BicGStab: Solving linear system...
--------------------------------------------------------------------------------

Iterations: 74
Final residual: 3.885768936404957e-7

(3) Explicit integration of RHS over dt/2...

(4) Explicit integration of LHS over dt...

(5) Implicit integration of RHS over dt/2...

--------------------------------------------------------------------------------
BicGStab: Solving linear system...
--------------------------------------------------------------------------------

Iterations: 73
Final residual: 1.2159069873677496e-6

...the semi-implicit time step is done.

--------------------------------------------------------------------------------
Time step = 42
Time = 822.780452172117 seconds
--------------------------------------------------------------------------------

dtvisc = 3.703703703703704e9 seconds
dtconv = 22.784505369487363 seconds
dtmax = 1000.0 seconds

=> dt = dtconv = 22.784505369487363 seconds

Beginning a semi-implicit time step...

(1) Explicit integration of LHS over dt/2...

(2) Implicit integration of RHS over dt/2...

--------------------------------------------------------------------------------
BicGStab: Solving linear system...
--------------------------------------------------------------------------------

Iterations: 73
Final residual: 3.109189157485147e-7

(3) Explicit integration of RHS over dt/2...

(4) Explicit integration of LHS over dt...

(5) Implicit integration of RHS over dt/2...

--------------------------------------------------------------------------------
BicGStab: Solving linear system...
--------------------------------------------------------------------------------

Iterations: 74
Final residual: 1.0161846428748661e-6

...the semi-implicit time step is done.

--------------------------------------------------------------------------------
Time step = 43
Time = 845.5649575416044 seconds
--------------------------------------------------------------------------------

dtvisc = 3.703703703703704e9 seconds
dtconv = 22.790187411644453 seconds
dtmax = 1000.0 seconds

=> dt = dtconv = 22.790187411644453 seconds

Beginning a semi-implicit time step...

(1) Explicit integration of LHS over dt/2...

(2) Implicit integration of RHS over dt/2...

--------------------------------------------------------------------------------
BicGStab: Solving linear system...
--------------------------------------------------------------------------------

Iterations: 74
Final residual: 4.3461350358425744e-7

(3) Explicit integration of RHS over dt/2...

(4) Explicit integration of LHS over dt...

(5) Implicit integration of RHS over dt/2...

--------------------------------------------------------------------------------
BicGStab: Solving linear system...
--------------------------------------------------------------------------------

Iterations: 80
Final residual: 4.895371748654268e-7

...the semi-implicit time step is done.

--------------------------------------------------------------------------------
Time step = 44
Time = 868.3551449532489 seconds
--------------------------------------------------------------------------------

dtvisc = 3.703703703703704e9 seconds
dtconv = 22.797554572639324 seconds
dtmax = 1000.0 seconds

=> dt = dtconv = 22.797554572639324 seconds

Beginning a semi-implicit time step...

(1) Explicit integration of LHS over dt/2...

(2) Implicit integration of RHS over dt/2...

--------------------------------------------------------------------------------
BicGStab: Solving linear system...
--------------------------------------------------------------------------------

Iterations: 73
Final residual: 3.3601481237818e-7

(3) Explicit integration of RHS over dt/2...

(4) Explicit integration of LHS over dt...

(5) Implicit integration of RHS over dt/2...

--------------------------------------------------------------------------------
BicGStab: Solving linear system...
--------------------------------------------------------------------------------

Iterations: 75
Final residual: 1.025073966316933e-6

...the semi-implicit time step is done.

--------------------------------------------------------------------------------
Time step = 45
Time = 891.1526995258881 seconds
--------------------------------------------------------------------------------

dtvisc = 3.703703703703704e9 seconds
dtconv = 22.806866688825757 seconds
dtmax = 1000.0 seconds

=> dt = dtconv = 22.806866688825757 seconds

Time step for output: dt = 8.847300474111822 seconds

Beginning a semi-implicit time step...

(1) Explicit integration of LHS over dt/2...

(2) Implicit integration of RHS over dt/2...

--------------------------------------------------------------------------------
BicGStab: Solving linear system...
--------------------------------------------------------------------------------

Iterations: 72
Final residual: 4.0258783457378603e-7

(3) Explicit integration of RHS over dt/2...

(4) Explicit integration of LHS over dt...

(5) Implicit integration of RHS over dt/2...

--------------------------------------------------------------------------------
BicGStab: Solving linear system...
--------------------------------------------------------------------------------

Iterations: 70
Final residual: 2.1909229358668365e-6

...the semi-implicit time step is done.

--------------------------------------------------------------------------------
Output into file periodic_hill.h5
Physical time: 900.0 s
Machine time: 1 minute, 44 seconds, 368 milliseconds
--------------------------------------------------------------------------------

--------------------------------------------------------------------------------
Time step = 46
Time = 900.0 seconds
--------------------------------------------------------------------------------

dtvisc = 3.703703703703704e9 seconds
dtconv = 22.81103721728081 seconds
dtmax = 1000.0 seconds

=> dt = dtconv = 22.81103721728081 seconds

Beginning a semi-implicit time step...

(1) Explicit integration of LHS over dt/2...

(2) Implicit integration of RHS over dt/2...

--------------------------------------------------------------------------------
BicGStab: Solving linear system...
--------------------------------------------------------------------------------

Iterations: 76
Final residual: 4.0002133184364356e-7

(3) Explicit integration of RHS over dt/2...

(4) Explicit integration of LHS over dt...

(5) Implicit integration of RHS over dt/2...

--------------------------------------------------------------------------------
BicGStab: Solving linear system...
--------------------------------------------------------------------------------

Iterations: 77
Final residual: 3.766383623713997e-7

...the semi-implicit time step is done.

--------------------------------------------------------------------------------
Time step = 47
Time = 922.8110372172808 seconds
--------------------------------------------------------------------------------

dtvisc = 3.703703703703704e9 seconds
dtconv = 22.8237475156684 seconds
dtmax = 1000.0 seconds

=> dt = dtconv = 22.8237475156684 seconds

Beginning a semi-implicit time step...

(1) Explicit integration of LHS over dt/2...

(2) Implicit integration of RHS over dt/2...

--------------------------------------------------------------------------------
BicGStab: Solving linear system...
--------------------------------------------------------------------------------

Iterations: 75
Final residual: 8.857311300565099e-8

(3) Explicit integration of RHS over dt/2...

(4) Explicit integration of LHS over dt...

(5) Implicit integration of RHS over dt/2...

--------------------------------------------------------------------------------
BicGStab: Solving linear system...
--------------------------------------------------------------------------------

Iterations: 74
Final residual: 8.92700630989092e-7

...the semi-implicit time step is done.

--------------------------------------------------------------------------------
Time step = 48
Time = 945.6347847329491 seconds
--------------------------------------------------------------------------------

dtvisc = 3.703703703703704e9 seconds
dtconv = 22.838661099013457 seconds
dtmax = 1000.0 seconds

=> dt = dtconv = 22.838661099013457 seconds

Beginning a semi-implicit time step...

(1) Explicit integration of LHS over dt/2...

(2) Implicit integration of RHS over dt/2...

--------------------------------------------------------------------------------
BicGStab: Solving linear system...
--------------------------------------------------------------------------------

Iterations: 72
Final residual: 2.1087010152376418e-7

(3) Explicit integration of RHS over dt/2...

(4) Explicit integration of LHS over dt...

(5) Implicit integration of RHS over dt/2...

--------------------------------------------------------------------------------
BicGStab: Solving linear system...
--------------------------------------------------------------------------------

Iterations: 74
Final residual: 1.0591142883118459e-6

...the semi-implicit time step is done.

--------------------------------------------------------------------------------
Time step = 49
Time = 968.4734458319627 seconds
--------------------------------------------------------------------------------

dtvisc = 3.703703703703704e9 seconds
dtconv = 22.855471966327077 seconds
dtmax = 1000.0 seconds

=> dt = dtconv = 22.855471966327077 seconds

Beginning a semi-implicit time step...

(1) Explicit integration of LHS over dt/2...

(2) Implicit integration of RHS over dt/2...

--------------------------------------------------------------------------------
BicGStab: Solving linear system...
--------------------------------------------------------------------------------

Iterations: 71
Final residual: 3.2480945125851464e-7

(3) Explicit integration of RHS over dt/2...

(4) Explicit integration of LHS over dt...

(5) Implicit integration of RHS over dt/2...

--------------------------------------------------------------------------------
BicGStab: Solving linear system...
--------------------------------------------------------------------------------

Iterations: 71
Final residual: 1.0131225162713928e-6

...the semi-implicit time step is done.

--------------------------------------------------------------------------------
Time step = 50
Time = 991.3289177982898 seconds
--------------------------------------------------------------------------------

dtvisc = 3.703703703703704e9 seconds
dtconv = 22.873788150964156 seconds
dtmax = 1000.0 seconds

=> dt = dtconv = 22.873788150964156 seconds

Time step for output: dt = 8.671082201710238 seconds

Beginning a semi-implicit time step...

(1) Explicit integration of LHS over dt/2...

(2) Implicit integration of RHS over dt/2...

--------------------------------------------------------------------------------
BicGStab: Solving linear system...
--------------------------------------------------------------------------------

Iterations: 70
Final residual: 5.863953661567896e-7

(3) Explicit integration of RHS over dt/2...

(4) Explicit integration of LHS over dt...

(5) Implicit integration of RHS over dt/2...

--------------------------------------------------------------------------------
BicGStab: Solving linear system...
--------------------------------------------------------------------------------

Iterations: 66
Final residual: 6.729436713361935e-6

...the semi-implicit time step is done.

--------------------------------------------------------------------------------
Output into file periodic_hill.h5
Physical time: 1000.0000000000001 s
Machine time: 1 minute, 46 seconds, 479 milliseconds
--------------------------------------------------------------------------------

--------------------------------------------------------------------------------
Time step = 51
Time = 1000.0000000000001 seconds
--------------------------------------------------------------------------------

dtvisc = 3.703703703703704e9 seconds
dtconv = 22.880928013747557 seconds
dtmax = 1000.0 seconds

=> dt = dtconv = 22.880928013747557 seconds

Beginning a semi-implicit time step...

(1) Explicit integration of LHS over dt/2...

(2) Implicit integration of RHS over dt/2...

--------------------------------------------------------------------------------
BicGStab: Solving linear system...
--------------------------------------------------------------------------------

Iterations: 79
Final residual: 5.617053410948009e-7

(3) Explicit integration of RHS over dt/2...

(4) Explicit integration of LHS over dt...

(5) Implicit integration of RHS over dt/2...

--------------------------------------------------------------------------------
BicGStab: Solving linear system...
--------------------------------------------------------------------------------

Iterations: 72
Final residual: 7.366682433117564e-7

...the semi-implicit time step is done.

--------------------------------------------------------------------------------
Time step = 52
Time = 1022.8809280137476 seconds
--------------------------------------------------------------------------------

dtvisc = 3.703703703703704e9 seconds
dtconv = 22.900689416509845 seconds
dtmax = 1000.0 seconds

=> dt = dtconv = 22.900689416509845 seconds

Beginning a semi-implicit time step...

(1) Explicit integration of LHS over dt/2...

(2) Implicit integration of RHS over dt/2...

--------------------------------------------------------------------------------
BicGStab: Solving linear system...
--------------------------------------------------------------------------------

Iterations: 73
Final residual: 2.7554874693552534e-7

(3) Explicit integration of RHS over dt/2...

(4) Explicit integration of LHS over dt...

(5) Implicit integration of RHS over dt/2...

--------------------------------------------------------------------------------
BicGStab: Solving linear system...
--------------------------------------------------------------------------------

Iterations: 70
Final residual: 6.59741917928742e-7

...the semi-implicit time step is done.

--------------------------------------------------------------------------------
Time step = 53
Time = 1045.7816174302575 seconds
--------------------------------------------------------------------------------

dtvisc = 3.703703703703704e9 seconds
dtconv = 22.920629328102716 seconds
dtmax = 1000.0 seconds

=> dt = dtconv = 22.920629328102716 seconds

Beginning a semi-implicit time step...

(1) Explicit integration of LHS over dt/2...

(2) Implicit integration of RHS over dt/2...

--------------------------------------------------------------------------------
BicGStab: Solving linear system...
--------------------------------------------------------------------------------

Iterations: 72
Final residual: 4.3631623623407076e-7

(3) Explicit integration of RHS over dt/2...

(4) Explicit integration of LHS over dt...

(5) Implicit integration of RHS over dt/2...

--------------------------------------------------------------------------------
BicGStab: Solving linear system...
--------------------------------------------------------------------------------

Iterations: 66
Final residual: 9.892824251037534e-7

...the semi-implicit time step is done.

--------------------------------------------------------------------------------
Time step = 54
Time = 1068.7022467583602 seconds
--------------------------------------------------------------------------------

dtvisc = 3.703703703703704e9 seconds
dtconv = 22.937846902990962 seconds
dtmax = 1000.0 seconds

=> dt = dtconv = 22.937846902990962 seconds

Beginning a semi-implicit time step...

(1) Explicit integration of LHS over dt/2...

(2) Implicit integration of RHS over dt/2...

--------------------------------------------------------------------------------
BicGStab: Solving linear system...
--------------------------------------------------------------------------------

Iterations: 72
Final residual: 3.838612999144284e-7

(3) Explicit integration of RHS over dt/2...

(4) Explicit integration of LHS over dt...

(5) Implicit integration of RHS over dt/2...

--------------------------------------------------------------------------------
BicGStab: Solving linear system...
--------------------------------------------------------------------------------

Iterations: 72
Final residual: 1.0078227298667166e-6

...the semi-implicit time step is done.

--------------------------------------------------------------------------------
Time step = 55
Time = 1091.640093661351 seconds
--------------------------------------------------------------------------------

dtvisc = 3.703703703703704e9 seconds
dtconv = 22.954544318807336 seconds
dtmax = 1000.0 seconds

=> dt = dtconv = 22.954544318807336 seconds

Time step for output: dt = 8.359906338648972 seconds

Beginning a semi-implicit time step...

(1) Explicit integration of LHS over dt/2...

(2) Implicit integration of RHS over dt/2...

--------------------------------------------------------------------------------
BicGStab: Solving linear system...
--------------------------------------------------------------------------------

Iterations: 72
Final residual: 9.240716016339752e-7

(3) Explicit integration of RHS over dt/2...

(4) Explicit integration of LHS over dt...

(5) Implicit integration of RHS over dt/2...

--------------------------------------------------------------------------------
BicGStab: Solving linear system...
--------------------------------------------------------------------------------

Iterations: 67
Final residual: 1.4932230944750244e-6

...the semi-implicit time step is done.

--------------------------------------------------------------------------------
Output into file periodic_hill.h5
Physical time: 1100.0 s
Machine time: 1 minute, 50 seconds, 179 milliseconds
--------------------------------------------------------------------------------

--------------------------------------------------------------------------------
Time step = 56
Time = 1100.0 seconds
--------------------------------------------------------------------------------

dtvisc = 3.703703703703704e9 seconds
dtconv = 22.96028459526994 seconds
dtmax = 1000.0 seconds

=> dt = dtconv = 22.96028459526994 seconds

Beginning a semi-implicit time step...

(1) Explicit integration of LHS over dt/2...

(2) Implicit integration of RHS over dt/2...

--------------------------------------------------------------------------------
BicGStab: Solving linear system...
--------------------------------------------------------------------------------

Iterations: 78
Final residual: 3.0787546330387845e-7

(3) Explicit integration of RHS over dt/2...

(4) Explicit integration of LHS over dt...

(5) Implicit integration of RHS over dt/2...

--------------------------------------------------------------------------------
BicGStab: Solving linear system...
--------------------------------------------------------------------------------

Iterations: 69
Final residual: 1.140652771690737e-6

...the semi-implicit time step is done.

--------------------------------------------------------------------------------
Time step = 57
Time = 1122.96028459527 seconds
--------------------------------------------------------------------------------

dtvisc = 3.703703703703704e9 seconds
dtconv = 22.97558793556395 seconds
dtmax = 1000.0 seconds

=> dt = dtconv = 22.97558793556395 seconds

Beginning a semi-implicit time step...

(1) Explicit integration of LHS over dt/2...

(2) Implicit integration of RHS over dt/2...

--------------------------------------------------------------------------------
BicGStab: Solving linear system...
--------------------------------------------------------------------------------

Iterations: 72
Final residual: 1.5392925723495085e-7

(3) Explicit integration of RHS over dt/2...

(4) Explicit integration of LHS over dt...

(5) Implicit integration of RHS over dt/2...

--------------------------------------------------------------------------------
BicGStab: Solving linear system...
--------------------------------------------------------------------------------

Iterations: 74
Final residual: 3.1608192993967677e-7

...the semi-implicit time step is done.

--------------------------------------------------------------------------------
Time step = 58
Time = 1145.9358725308339 seconds
--------------------------------------------------------------------------------

dtvisc = 3.703703703703704e9 seconds
dtconv = 22.989714046250167 seconds
dtmax = 1000.0 seconds

=> dt = dtconv = 22.989714046250167 seconds

Beginning a semi-implicit time step...

(1) Explicit integration of LHS over dt/2...

(2) Implicit integration of RHS over dt/2...

--------------------------------------------------------------------------------
BicGStab: Solving linear system...
--------------------------------------------------------------------------------

Iterations: 73
Final residual: 1.2064323903568626e-7

(3) Explicit integration of RHS over dt/2...

(4) Explicit integration of LHS over dt...

(5) Implicit integration of RHS over dt/2...

--------------------------------------------------------------------------------
BicGStab: Solving linear system...
--------------------------------------------------------------------------------

Iterations: 73
Final residual: 5.525572588402627e-7

...the semi-implicit time step is done.

--------------------------------------------------------------------------------
Time step = 59
Time = 1168.9255865770842 seconds
--------------------------------------------------------------------------------

dtvisc = 3.703703703703704e9 seconds
dtconv = 23.002862993486577 seconds
dtmax = 1000.0 seconds

=> dt = dtconv = 23.002862993486577 seconds

Beginning a semi-implicit time step...

(1) Explicit integration of LHS over dt/2...

(2) Implicit integration of RHS over dt/2...

--------------------------------------------------------------------------------
BicGStab: Solving linear system...
--------------------------------------------------------------------------------

Iterations: 72
Final residual: 4.325827368040769e-7

(3) Explicit integration of RHS over dt/2...

(4) Explicit integration of LHS over dt...

(5) Implicit integration of RHS over dt/2...

--------------------------------------------------------------------------------
BicGStab: Solving linear system...
--------------------------------------------------------------------------------

Iterations: 72
Final residual: 4.779515367006802e-7

...the semi-implicit time step is done.

--------------------------------------------------------------------------------
Time step = 60
Time = 1191.9284495705708 seconds
--------------------------------------------------------------------------------

dtvisc = 3.703703703703704e9 seconds
dtconv = 22.98898392325094 seconds
dtmax = 1000.0 seconds

=> dt = dtconv = 22.98898392325094 seconds

Time step for output: dt = 8.071550429429312 seconds

Beginning a semi-implicit time step...

(1) Explicit integration of LHS over dt/2...

(2) Implicit integration of RHS over dt/2...

--------------------------------------------------------------------------------
BicGStab: Solving linear system...
--------------------------------------------------------------------------------

Iterations: 76
Final residual: 1.068503402111844e-6

(3) Explicit integration of RHS over dt/2...

(4) Explicit integration of LHS over dt...

(5) Implicit integration of RHS over dt/2...

--------------------------------------------------------------------------------
BicGStab: Solving linear system...
--------------------------------------------------------------------------------

Iterations: 73
Final residual: 5.4322328842936914e-6

...the semi-implicit time step is done.

--------------------------------------------------------------------------------
Output into file periodic_hill.h5
Physical time: 1200.0 s
Machine time: 1 minute, 52 seconds, 38 milliseconds
--------------------------------------------------------------------------------

--------------------------------------------------------------------------------
Time step = 61
Time = 1200.0 seconds
--------------------------------------------------------------------------------

dtvisc = 3.703703703703704e9 seconds
dtconv = 22.974799255868724 seconds
dtmax = 1000.0 seconds

=> dt = dtconv = 22.974799255868724 seconds

Beginning a semi-implicit time step...

(1) Explicit integration of LHS over dt/2...

(2) Implicit integration of RHS over dt/2...

--------------------------------------------------------------------------------
BicGStab: Solving linear system...
--------------------------------------------------------------------------------

Iterations: 73
Final residual: 3.165208701754409e-7

(3) Explicit integration of RHS over dt/2...

(4) Explicit integration of LHS over dt...

(5) Implicit integration of RHS over dt/2...

--------------------------------------------------------------------------------
BicGStab: Solving linear system...
--------------------------------------------------------------------------------

Iterations: 72
Final residual: 4.404953236021679e-7

...the semi-implicit time step is done.

--------------------------------------------------------------------------------
Time step = 62
Time = 1222.974799255869 seconds
--------------------------------------------------------------------------------

dtvisc = 3.703703703703704e9 seconds
dtconv = 22.935276199284647 seconds
dtmax = 1000.0 seconds

=> dt = dtconv = 22.935276199284647 seconds

Beginning a semi-implicit time step...

(1) Explicit integration of LHS over dt/2...

(2) Implicit integration of RHS over dt/2...

--------------------------------------------------------------------------------
BicGStab: Solving linear system...
--------------------------------------------------------------------------------

Iterations: 72
Final residual: 2.8508138072967546e-7

(3) Explicit integration of RHS over dt/2...

(4) Explicit integration of LHS over dt...

(5) Implicit integration of RHS over dt/2...

--------------------------------------------------------------------------------
BicGStab: Solving linear system...
--------------------------------------------------------------------------------

Iterations: 74
Final residual: 8.919480391023906e-7

...the semi-implicit time step is done.

--------------------------------------------------------------------------------
Time step = 63
Time = 1245.9100754551534 seconds
--------------------------------------------------------------------------------

dtvisc = 3.703703703703704e9 seconds
dtconv = 22.897137170922054 seconds
dtmax = 1000.0 seconds

=> dt = dtconv = 22.897137170922054 seconds

Beginning a semi-implicit time step...

(1) Explicit integration of LHS over dt/2...

(2) Implicit integration of RHS over dt/2...

--------------------------------------------------------------------------------
BicGStab: Solving linear system...
--------------------------------------------------------------------------------

Iterations: 74
Final residual: 1.6001063728071717e-7

(3) Explicit integration of RHS over dt/2...

(4) Explicit integration of LHS over dt...

(5) Implicit integration of RHS over dt/2...

--------------------------------------------------------------------------------
BicGStab: Solving linear system...
--------------------------------------------------------------------------------

Iterations: 75
Final residual: 7.569046650815458e-7

...the semi-implicit time step is done.

--------------------------------------------------------------------------------
Time step = 64
Time = 1268.8072126260754 seconds
--------------------------------------------------------------------------------

dtvisc = 3.703703703703704e9 seconds
dtconv = 22.862626391765133 seconds
dtmax = 1000.0 seconds

=> dt = dtconv = 22.862626391765133 seconds

Beginning a semi-implicit time step...

(1) Explicit integration of LHS over dt/2...

(2) Implicit integration of RHS over dt/2...

--------------------------------------------------------------------------------
BicGStab: Solving linear system...
--------------------------------------------------------------------------------

Iterations: 74
Final residual: 1.80440916737268e-7

(3) Explicit integration of RHS over dt/2...

(4) Explicit integration of LHS over dt...

(5) Implicit integration of RHS over dt/2...

--------------------------------------------------------------------------------
BicGStab: Solving linear system...
--------------------------------------------------------------------------------

Iterations: 74
Final residual: 8.8514700928775e-7

...the semi-implicit time step is done.

--------------------------------------------------------------------------------
Time step = 65
Time = 1291.6698390178406 seconds
--------------------------------------------------------------------------------

dtvisc = 3.703703703703704e9 seconds
dtconv = 22.831579742094675 seconds
dtmax = 1000.0 seconds

=> dt = dtconv = 22.831579742094675 seconds

Time step for output: dt = 8.330160982159365 seconds

Beginning a semi-implicit time step...

(1) Explicit integration of LHS over dt/2...

(2) Implicit integration of RHS over dt/2...

--------------------------------------------------------------------------------
BicGStab: Solving linear system...
--------------------------------------------------------------------------------

Iterations: 75
Final residual: 8.762013143755649e-7

(3) Explicit integration of RHS over dt/2...

(4) Explicit integration of LHS over dt...

(5) Implicit integration of RHS over dt/2...

--------------------------------------------------------------------------------
BicGStab: Solving linear system...
--------------------------------------------------------------------------------

Iterations: 73
Final residual: 1.6659228113162203e-6

...the semi-implicit time step is done.

--------------------------------------------------------------------------------
Output into file periodic_hill.h5
Physical time: 1300.0 s
Machine time: 1 minute, 55 seconds, 646 milliseconds
--------------------------------------------------------------------------------

--------------------------------------------------------------------------------
Time step = 66
Time = 1300.0 seconds
--------------------------------------------------------------------------------

dtvisc = 3.703703703703704e9 seconds
dtconv = 22.82112966545397 seconds
dtmax = 1000.0 seconds

=> dt = dtconv = 22.82112966545397 seconds

Beginning a semi-implicit time step...

(1) Explicit integration of LHS over dt/2...

(2) Implicit integration of RHS over dt/2...

--------------------------------------------------------------------------------
BicGStab: Solving linear system...
--------------------------------------------------------------------------------

Iterations: 75
Final residual: 3.805037638989701e-7

(3) Explicit integration of RHS over dt/2...

(4) Explicit integration of LHS over dt...

(5) Implicit integration of RHS over dt/2...

--------------------------------------------------------------------------------
BicGStab: Solving linear system...
--------------------------------------------------------------------------------

Iterations: 80
Final residual: 3.756751259674858e-7

...the semi-implicit time step is done.

--------------------------------------------------------------------------------
Time step = 67
Time = 1322.8211296654538 seconds
--------------------------------------------------------------------------------

dtvisc = 3.703703703703704e9 seconds
dtconv = 22.794579752671552 seconds
dtmax = 1000.0 seconds

=> dt = dtconv = 22.794579752671552 seconds

Beginning a semi-implicit time step...

(1) Explicit integration of LHS over dt/2...

(2) Implicit integration of RHS over dt/2...

--------------------------------------------------------------------------------
BicGStab: Solving linear system...
--------------------------------------------------------------------------------

Iterations: 72
Final residual: 4.4850180954881194e-7

(3) Explicit integration of RHS over dt/2...

(4) Explicit integration of LHS over dt...

(5) Implicit integration of RHS over dt/2...

--------------------------------------------------------------------------------
BicGStab: Solving linear system...
--------------------------------------------------------------------------------

Iterations: 72
Final residual: 3.9535083869760323e-7

...the semi-implicit time step is done.

--------------------------------------------------------------------------------
Time step = 68
Time = 1345.6157094181253 seconds
--------------------------------------------------------------------------------

dtvisc = 3.703703703703704e9 seconds
dtconv = 22.77135443591107 seconds
dtmax = 1000.0 seconds

=> dt = dtconv = 22.77135443591107 seconds

Beginning a semi-implicit time step...

(1) Explicit integration of LHS over dt/2...

(2) Implicit integration of RHS over dt/2...

--------------------------------------------------------------------------------
BicGStab: Solving linear system...
--------------------------------------------------------------------------------

Iterations: 72
Final residual: 4.130551346494019e-7

(3) Explicit integration of RHS over dt/2...

(4) Explicit integration of LHS over dt...

(5) Implicit integration of RHS over dt/2...

--------------------------------------------------------------------------------
BicGStab: Solving linear system...
--------------------------------------------------------------------------------

Iterations: 72
Final residual: 7.966147721951996e-7

...the semi-implicit time step is done.

--------------------------------------------------------------------------------
Time step = 69
Time = 1368.3870638540363 seconds
--------------------------------------------------------------------------------

dtvisc = 3.703703703703704e9 seconds
dtconv = 22.751915142590075 seconds
dtmax = 1000.0 seconds

=> dt = dtconv = 22.751915142590075 seconds

Beginning a semi-implicit time step...

(1) Explicit integration of LHS over dt/2...

(2) Implicit integration of RHS over dt/2...

--------------------------------------------------------------------------------
BicGStab: Solving linear system...
--------------------------------------------------------------------------------

Iterations: 72
Final residual: 4.929226801116656e-7

(3) Explicit integration of RHS over dt/2...

(4) Explicit integration of LHS over dt...

(5) Implicit integration of RHS over dt/2...

--------------------------------------------------------------------------------
BicGStab: Solving linear system...
--------------------------------------------------------------------------------

Iterations: 74
Final residual: 9.884660328016876e-7

...the semi-implicit time step is done.

--------------------------------------------------------------------------------
Time step = 70
Time = 1391.1389789966265 seconds
--------------------------------------------------------------------------------

dtvisc = 3.703703703703704e9 seconds
dtconv = 22.73601063429267 seconds
dtmax = 1000.0 seconds

=> dt = dtconv = 22.73601063429267 seconds

Time step for output: dt = 8.861021003373509 seconds

Beginning a semi-implicit time step...

(1) Explicit integration of LHS over dt/2...

(2) Implicit integration of RHS over dt/2...

--------------------------------------------------------------------------------
BicGStab: Solving linear system...
--------------------------------------------------------------------------------

Iterations: 72
Final residual: 1.0578737950942453e-6

(3) Explicit integration of RHS over dt/2...

(4) Explicit integration of LHS over dt...

(5) Implicit integration of RHS over dt/2...

--------------------------------------------------------------------------------
BicGStab: Solving linear system...
--------------------------------------------------------------------------------

Iterations: 63
Final residual: 5.5593798183168775e-6

...the semi-implicit time step is done.

--------------------------------------------------------------------------------
Output into file periodic_hill.h5
Physical time: 1400.0 s
Machine time: 2 minutes, 223 milliseconds
--------------------------------------------------------------------------------

--------------------------------------------------------------------------------
Time step = 71
Time = 1400.0 seconds
--------------------------------------------------------------------------------

dtvisc = 3.703703703703704e9 seconds
dtconv = 22.730790001170046 seconds
dtmax = 1000.0 seconds

=> dt = dtconv = 22.730790001170046 seconds

Beginning a semi-implicit time step...

(1) Explicit integration of LHS over dt/2...

(2) Implicit integration of RHS over dt/2...

--------------------------------------------------------------------------------
BicGStab: Solving linear system...
--------------------------------------------------------------------------------

Iterations: 73
Final residual: 4.873054306138563e-7

(3) Explicit integration of RHS over dt/2...

(4) Explicit integration of LHS over dt...

(5) Implicit integration of RHS over dt/2...

--------------------------------------------------------------------------------
BicGStab: Solving linear system...
--------------------------------------------------------------------------------

Iterations: 72
Final residual: 3.0506779799381435e-7

...the semi-implicit time step is done.

--------------------------------------------------------------------------------
Time step = 72
Time = 1422.7307900011701 seconds
--------------------------------------------------------------------------------

dtvisc = 3.703703703703704e9 seconds
dtconv = 22.71889919784789 seconds
dtmax = 1000.0 seconds

=> dt = dtconv = 22.71889919784789 seconds

Beginning a semi-implicit time step...

(1) Explicit integration of LHS over dt/2...

(2) Implicit integration of RHS over dt/2...

--------------------------------------------------------------------------------
BicGStab: Solving linear system...
--------------------------------------------------------------------------------

Iterations: 73
Final residual: 3.755753604799732e-7

(3) Explicit integration of RHS over dt/2...

(4) Explicit integration of LHS over dt...

(5) Implicit integration of RHS over dt/2...

--------------------------------------------------------------------------------
BicGStab: Solving linear system...
--------------------------------------------------------------------------------

Iterations: 67
Final residual: 7.168676941080623e-7

...the semi-implicit time step is done.

--------------------------------------------------------------------------------
Time step = 73
Time = 1445.449689199018 seconds
--------------------------------------------------------------------------------

dtvisc = 3.703703703703704e9 seconds
dtconv = 22.70906951593756 seconds
dtmax = 1000.0 seconds

=> dt = dtconv = 22.70906951593756 seconds

Beginning a semi-implicit time step...

(1) Explicit integration of LHS over dt/2...

(2) Implicit integration of RHS over dt/2...

--------------------------------------------------------------------------------
BicGStab: Solving linear system...
--------------------------------------------------------------------------------

Iterations: 73
Final residual: 5.000353740502754e-7

(3) Explicit integration of RHS over dt/2...

(4) Explicit integration of LHS over dt...

(5) Implicit integration of RHS over dt/2...

--------------------------------------------------------------------------------
BicGStab: Solving linear system...
--------------------------------------------------------------------------------

Iterations: 73
Final residual: 4.455617130539413e-7

...the semi-implicit time step is done.

--------------------------------------------------------------------------------
Time step = 74
Time = 1468.1587587149554 seconds
--------------------------------------------------------------------------------

dtvisc = 3.703703703703704e9 seconds
dtconv = 22.698316547502813 seconds
dtmax = 1000.0 seconds

=> dt = dtconv = 22.698316547502813 seconds

Beginning a semi-implicit time step...

(1) Explicit integration of LHS over dt/2...

(2) Implicit integration of RHS over dt/2...

--------------------------------------------------------------------------------
BicGStab: Solving linear system...
--------------------------------------------------------------------------------

Iterations: 74
Final residual: 3.7512439498777027e-7

(3) Explicit integration of RHS over dt/2...

(4) Explicit integration of LHS over dt...

(5) Implicit integration of RHS over dt/2...

--------------------------------------------------------------------------------
BicGStab: Solving linear system...
--------------------------------------------------------------------------------

Iterations: 72
Final residual: 1.256938483749354e-6

...the semi-implicit time step is done.

--------------------------------------------------------------------------------
Time step = 75
Time = 1490.8570752624582 seconds
--------------------------------------------------------------------------------

dtvisc = 3.703703703703704e9 seconds
dtconv = 22.689514865247823 seconds
dtmax = 1000.0 seconds

=> dt = dtconv = 22.689514865247823 seconds

Time step for output: dt = 9.142924737541776 seconds

Beginning a semi-implicit time step...

(1) Explicit integration of LHS over dt/2...

(2) Implicit integration of RHS over dt/2...

--------------------------------------------------------------------------------
BicGStab: Solving linear system...
--------------------------------------------------------------------------------

Iterations: 74
Final residual: 9.990621562407482e-7

(3) Explicit integration of RHS over dt/2...

(4) Explicit integration of LHS over dt...

(5) Implicit integration of RHS over dt/2...

--------------------------------------------------------------------------------
BicGStab: Solving linear system...
--------------------------------------------------------------------------------

Iterations: 60
Final residual: 4.0820692129243145e-6

...the semi-implicit time step is done.

--------------------------------------------------------------------------------
Output into file periodic_hill.h5
Physical time: 1500.0 s
Machine time: 2 minutes, 3 seconds, 937 milliseconds
--------------------------------------------------------------------------------

--------------------------------------------------------------------------------
Time step = 76
Time = 1500.0 seconds
--------------------------------------------------------------------------------

dtvisc = 3.703703703703704e9 seconds
dtconv = 22.686589795317285 seconds
dtmax = 1000.0 seconds

=> dt = dtconv = 22.686589795317285 seconds

Beginning a semi-implicit time step...

(1) Explicit integration of LHS over dt/2...

(2) Implicit integration of RHS over dt/2...

--------------------------------------------------------------------------------
BicGStab: Solving linear system...
--------------------------------------------------------------------------------

Iterations: 71
Final residual: 4.3820816063404254e-7

(3) Explicit integration of RHS over dt/2...

(4) Explicit integration of LHS over dt...

(5) Implicit integration of RHS over dt/2...

--------------------------------------------------------------------------------
BicGStab: Solving linear system...
--------------------------------------------------------------------------------

Iterations: 71
Final residual: 1.1967915009089786e-6

...the semi-implicit time step is done.

--------------------------------------------------------------------------------
Time step = 77
Time = 1522.6865897953173 seconds
--------------------------------------------------------------------------------

dtvisc = 3.703703703703704e9 seconds
dtconv = 22.680076690041684 seconds
dtmax = 1000.0 seconds

=> dt = dtconv = 22.680076690041684 seconds

Beginning a semi-implicit time step...

(1) Explicit integration of LHS over dt/2...

(2) Implicit integration of RHS over dt/2...

--------------------------------------------------------------------------------
BicGStab: Solving linear system...
--------------------------------------------------------------------------------

Iterations: 77
Final residual: 5.620988271707632e-7

(3) Explicit integration of RHS over dt/2...

(4) Explicit integration of LHS over dt...

(5) Implicit integration of RHS over dt/2...

--------------------------------------------------------------------------------
BicGStab: Solving linear system...
--------------------------------------------------------------------------------

Iterations: 71
Final residual: 1.2755437847294873e-6

...the semi-implicit time step is done.

--------------------------------------------------------------------------------
Time step = 78
Time = 1545.366666485359 seconds
--------------------------------------------------------------------------------

dtvisc = 3.703703703703704e9 seconds
dtconv = 22.675382746039702 seconds
dtmax = 1000.0 seconds

=> dt = dtconv = 22.675382746039702 seconds

Beginning a semi-implicit time step...

(1) Explicit integration of LHS over dt/2...

(2) Implicit integration of RHS over dt/2...

--------------------------------------------------------------------------------
BicGStab: Solving linear system...
--------------------------------------------------------------------------------

Iterations: 75
Final residual: 4.238473449845652e-7

(3) Explicit integration of RHS over dt/2...

(4) Explicit integration of LHS over dt...

(5) Implicit integration of RHS over dt/2...

--------------------------------------------------------------------------------
BicGStab: Solving linear system...
--------------------------------------------------------------------------------

Iterations: 71
Final residual: 9.558533750772837e-7

...the semi-implicit time step is done.

--------------------------------------------------------------------------------
Time step = 79
Time = 1568.0420492313988 seconds
--------------------------------------------------------------------------------

dtvisc = 3.703703703703704e9 seconds
dtconv = 22.67322331594434 seconds
dtmax = 1000.0 seconds

=> dt = dtconv = 22.67322331594434 seconds

Beginning a semi-implicit time step...

(1) Explicit integration of LHS over dt/2...

(2) Implicit integration of RHS over dt/2...

--------------------------------------------------------------------------------
BicGStab: Solving linear system...
--------------------------------------------------------------------------------

Iterations: 75
Final residual: 3.950122862624264e-7

(3) Explicit integration of RHS over dt/2...

(4) Explicit integration of LHS over dt...

(5) Implicit integration of RHS over dt/2...

--------------------------------------------------------------------------------
BicGStab: Solving linear system...
--------------------------------------------------------------------------------

Iterations: 71
Final residual: 1.184781972946047e-6

...the semi-implicit time step is done.

--------------------------------------------------------------------------------
Time step = 80
Time = 1590.715272547343 seconds
--------------------------------------------------------------------------------

dtvisc = 3.703703703703704e9 seconds
dtconv = 22.674220448880625 seconds
dtmax = 1000.0 seconds

=> dt = dtconv = 22.674220448880625 seconds

Time step for output: dt = 9.284727452656949 seconds

Beginning a semi-implicit time step...

(1) Explicit integration of LHS over dt/2...

(2) Implicit integration of RHS over dt/2...

--------------------------------------------------------------------------------
BicGStab: Solving linear system...
--------------------------------------------------------------------------------

Iterations: 70
Final residual: 1.360498625716974e-6

(3) Explicit integration of RHS over dt/2...

(4) Explicit integration of LHS over dt...

(5) Implicit integration of RHS over dt/2...

--------------------------------------------------------------------------------
BicGStab: Solving linear system...
--------------------------------------------------------------------------------

Iterations: 55
Final residual: 5.110443037432502e-6

...the semi-implicit time step is done.

--------------------------------------------------------------------------------
Output into file periodic_hill.h5
Physical time: 1600.0 s
Machine time: 2 minutes, 8 seconds, 346 milliseconds
--------------------------------------------------------------------------------

--------------------------------------------------------------------------------
Time step = 81
Time = 1600.0 seconds
--------------------------------------------------------------------------------

dtvisc = 3.703703703703704e9 seconds
dtconv = 22.67566757612703 seconds
dtmax = 1000.0 seconds

=> dt = dtconv = 22.67566757612703 seconds

Beginning a semi-implicit time step...

(1) Explicit integration of LHS over dt/2...

(2) Implicit integration of RHS over dt/2...

--------------------------------------------------------------------------------
BicGStab: Solving linear system...
--------------------------------------------------------------------------------

Iterations: 72
Final residual: 3.880810084508936e-7

(3) Explicit integration of RHS over dt/2...

(4) Explicit integration of LHS over dt...

(5) Implicit integration of RHS over dt/2...

--------------------------------------------------------------------------------
BicGStab: Solving linear system...
--------------------------------------------------------------------------------

Iterations: 69
Final residual: 1.0215928765792753e-6

...the semi-implicit time step is done.

--------------------------------------------------------------------------------
Time step = 82
Time = 1622.675667576127 seconds
--------------------------------------------------------------------------------

dtvisc = 3.703703703703704e9 seconds
dtconv = 22.681030108114545 seconds
dtmax = 1000.0 seconds

=> dt = dtconv = 22.681030108114545 seconds

Beginning a semi-implicit time step...

(1) Explicit integration of LHS over dt/2...

(2) Implicit integration of RHS over dt/2...

--------------------------------------------------------------------------------
BicGStab: Solving linear system...
--------------------------------------------------------------------------------

Iterations: 76
Final residual: 4.4401232455965593e-7

(3) Explicit integration of RHS over dt/2...

(4) Explicit integration of LHS over dt...

(5) Implicit integration of RHS over dt/2...

--------------------------------------------------------------------------------
BicGStab: Solving linear system...
--------------------------------------------------------------------------------

Iterations: 70
Final residual: 1.1293365569409606e-6

...the semi-implicit time step is done.

--------------------------------------------------------------------------------
Time step = 83
Time = 1645.3566976842417 seconds
--------------------------------------------------------------------------------

dtvisc = 3.703703703703704e9 seconds
dtconv = 22.687573693595375 seconds
dtmax = 1000.0 seconds

=> dt = dtconv = 22.687573693595375 seconds

Beginning a semi-implicit time step...

(1) Explicit integration of LHS over dt/2...

(2) Implicit integration of RHS over dt/2...

--------------------------------------------------------------------------------
BicGStab: Solving linear system...
--------------------------------------------------------------------------------

Iterations: 76
Final residual: 6.22810902282515e-7

(3) Explicit integration of RHS over dt/2...

(4) Explicit integration of LHS over dt...

(5) Implicit integration of RHS over dt/2...

--------------------------------------------------------------------------------
BicGStab: Solving linear system...
--------------------------------------------------------------------------------

Iterations: 59
Final residual: 1.3474898891267143e-6

...the semi-implicit time step is done.

--------------------------------------------------------------------------------
Time step = 84
Time = 1668.0442713778368 seconds
--------------------------------------------------------------------------------

dtvisc = 3.703703703703704e9 seconds
dtconv = 22.693983371815182 seconds
dtmax = 1000.0 seconds

=> dt = dtconv = 22.693983371815182 seconds

Beginning a semi-implicit time step...

(1) Explicit integration of LHS over dt/2...

(2) Implicit integration of RHS over dt/2...

--------------------------------------------------------------------------------
BicGStab: Solving linear system...
--------------------------------------------------------------------------------

Iterations: 74
Final residual: 6.053711210840614e-7

(3) Explicit integration of RHS over dt/2...

(4) Explicit integration of LHS over dt...

(5) Implicit integration of RHS over dt/2...

--------------------------------------------------------------------------------
BicGStab: Solving linear system...
--------------------------------------------------------------------------------

Iterations: 74
Final residual: 1.1881923686744114e-6

...the semi-implicit time step is done.

--------------------------------------------------------------------------------
Time step = 85
Time = 1690.738254749652 seconds
--------------------------------------------------------------------------------

dtvisc = 3.703703703703704e9 seconds
dtconv = 22.701958729059047 seconds
dtmax = 1000.0 seconds

=> dt = dtconv = 22.701958729059047 seconds

Time step for output: dt = 9.26174525034802 seconds

Beginning a semi-implicit time step...

(1) Explicit integration of LHS over dt/2...

(2) Implicit integration of RHS over dt/2...

--------------------------------------------------------------------------------
BicGStab: Solving linear system...
--------------------------------------------------------------------------------

Iterations: 69
Final residual: 1.5773141863992432e-7

(3) Explicit integration of RHS over dt/2...

(4) Explicit integration of LHS over dt...

(5) Implicit integration of RHS over dt/2...

--------------------------------------------------------------------------------
BicGStab: Solving linear system...
--------------------------------------------------------------------------------

Iterations: 69
Final residual: 5.319251441838322e-6

...the semi-implicit time step is done.

--------------------------------------------------------------------------------
Output into file periodic_hill.h5
Physical time: 1700.0 s
Machine time: 2 minutes, 10 seconds, 410 milliseconds
--------------------------------------------------------------------------------

--------------------------------------------------------------------------------
Time step = 86
Time = 1700.0 seconds
--------------------------------------------------------------------------------

dtvisc = 3.703703703703704e9 seconds
dtconv = 22.705628232291247 seconds
dtmax = 1000.0 seconds

=> dt = dtconv = 22.705628232291247 seconds

Beginning a semi-implicit time step...

(1) Explicit integration of LHS over dt/2...

(2) Implicit integration of RHS over dt/2...

--------------------------------------------------------------------------------
BicGStab: Solving linear system...
--------------------------------------------------------------------------------

Iterations: 70
Final residual: 5.006229225204926e-7

(3) Explicit integration of RHS over dt/2...

(4) Explicit integration of LHS over dt...

(5) Implicit integration of RHS over dt/2...

--------------------------------------------------------------------------------
BicGStab: Solving linear system...
--------------------------------------------------------------------------------

Iterations: 74
Final residual: 6.959430506081958e-7

...the semi-implicit time step is done.

--------------------------------------------------------------------------------
Time step = 87
Time = 1722.7056282322912 seconds
--------------------------------------------------------------------------------

dtvisc = 3.703703703703704e9 seconds
dtconv = 22.7149940697632 seconds
dtmax = 1000.0 seconds

=> dt = dtconv = 22.7149940697632 seconds

Beginning a semi-implicit time step...

(1) Explicit integration of LHS over dt/2...

(2) Implicit integration of RHS over dt/2...

--------------------------------------------------------------------------------
BicGStab: Solving linear system...
--------------------------------------------------------------------------------

Iterations: 75
Final residual: 2.325877594286422e-7

(3) Explicit integration of RHS over dt/2...

(4) Explicit integration of LHS over dt...

(5) Implicit integration of RHS over dt/2...

--------------------------------------------------------------------------------
BicGStab: Solving linear system...
--------------------------------------------------------------------------------

Iterations: 72
Final residual: 1.1952685033451778e-6

...the semi-implicit time step is done.

--------------------------------------------------------------------------------
Time step = 88
Time = 1745.4206223020544 seconds
--------------------------------------------------------------------------------

dtvisc = 3.703703703703704e9 seconds
dtconv = 22.72498291705156 seconds
dtmax = 1000.0 seconds

=> dt = dtconv = 22.72498291705156 seconds

Beginning a semi-implicit time step...

(1) Explicit integration of LHS over dt/2...

(2) Implicit integration of RHS over dt/2...

--------------------------------------------------------------------------------
BicGStab: Solving linear system...
--------------------------------------------------------------------------------

Iterations: 76
Final residual: 6.768426036313602e-7

(3) Explicit integration of RHS over dt/2...

(4) Explicit integration of LHS over dt...

(5) Implicit integration of RHS over dt/2...

--------------------------------------------------------------------------------
BicGStab: Solving linear system...
--------------------------------------------------------------------------------

Iterations: 71
Final residual: 1.2669763749331637e-6

...the semi-implicit time step is done.

--------------------------------------------------------------------------------
Time step = 89
Time = 1768.145605219106 seconds
--------------------------------------------------------------------------------

dtvisc = 3.703703703703704e9 seconds
dtconv = 22.735796073487062 seconds
dtmax = 1000.0 seconds

=> dt = dtconv = 22.735796073487062 seconds

Beginning a semi-implicit time step...

(1) Explicit integration of LHS over dt/2...

(2) Implicit integration of RHS over dt/2...

--------------------------------------------------------------------------------
BicGStab: Solving linear system...
--------------------------------------------------------------------------------

Iterations: 73
Final residual: 5.38686460008533e-7

(3) Explicit integration of RHS over dt/2...

(4) Explicit integration of LHS over dt...

(5) Implicit integration of RHS over dt/2...

--------------------------------------------------------------------------------
BicGStab: Solving linear system...
--------------------------------------------------------------------------------

Iterations: 76
Final residual: 1.8833160384099578e-7

...the semi-implicit time step is done.

--------------------------------------------------------------------------------
Time step = 90
Time = 1790.8814012925932 seconds
--------------------------------------------------------------------------------

dtvisc = 3.703703703703704e9 seconds
dtconv = 22.74715511546663 seconds
dtmax = 1000.0 seconds

=> dt = dtconv = 22.74715511546663 seconds

Time step for output: dt = 9.118598707406848 seconds

Beginning a semi-implicit time step...

(1) Explicit integration of LHS over dt/2...

(2) Implicit integration of RHS over dt/2...

--------------------------------------------------------------------------------
BicGStab: Solving linear system...
--------------------------------------------------------------------------------

Iterations: 72
Final residual: 9.920821978890194e-7

(3) Explicit integration of RHS over dt/2...

(4) Explicit integration of LHS over dt...

(5) Implicit integration of RHS over dt/2...

--------------------------------------------------------------------------------
BicGStab: Solving linear system...
--------------------------------------------------------------------------------

Iterations: 66
Final residual: 5.7174823703408495e-6

...the semi-implicit time step is done.

--------------------------------------------------------------------------------
Output into file periodic_hill.h5
Physical time: 1800.0 s
Machine time: 2 minutes, 12 seconds, 674 milliseconds
--------------------------------------------------------------------------------

--------------------------------------------------------------------------------
Time step = 91
Time = 1800.0 seconds
--------------------------------------------------------------------------------

dtvisc = 3.703703703703704e9 seconds
dtconv = 22.75193829638769 seconds
dtmax = 1000.0 seconds

=> dt = dtconv = 22.75193829638769 seconds

Beginning a semi-implicit time step...

(1) Explicit integration of LHS over dt/2...

(2) Implicit integration of RHS over dt/2...

--------------------------------------------------------------------------------
BicGStab: Solving linear system...
--------------------------------------------------------------------------------

Iterations: 74
Final residual: 2.654904445913198e-7

(3) Explicit integration of RHS over dt/2...

(4) Explicit integration of LHS over dt...

(5) Implicit integration of RHS over dt/2...

--------------------------------------------------------------------------------
BicGStab: Solving linear system...
--------------------------------------------------------------------------------

Iterations: 76
Final residual: 8.668372260973814e-7

...the semi-implicit time step is done.

--------------------------------------------------------------------------------
Time step = 92
Time = 1822.7519382963876 seconds
--------------------------------------------------------------------------------

dtvisc = 3.703703703703704e9 seconds
dtconv = 22.763388507937442 seconds
dtmax = 1000.0 seconds

=> dt = dtconv = 22.763388507937442 seconds

Beginning a semi-implicit time step...

(1) Explicit integration of LHS over dt/2...

(2) Implicit integration of RHS over dt/2...

--------------------------------------------------------------------------------
BicGStab: Solving linear system...
--------------------------------------------------------------------------------

Iterations: 71
Final residual: 5.058839614000084e-7

(3) Explicit integration of RHS over dt/2...

(4) Explicit integration of LHS over dt...

(5) Implicit integration of RHS over dt/2...

--------------------------------------------------------------------------------
BicGStab: Solving linear system...
--------------------------------------------------------------------------------

Iterations: 73
Final residual: 4.839982127904766e-7

...the semi-implicit time step is done.

--------------------------------------------------------------------------------
Time step = 93
Time = 1845.515326804325 seconds
--------------------------------------------------------------------------------

dtvisc = 3.703703703703704e9 seconds
dtconv = 22.774722316704416 seconds
dtmax = 1000.0 seconds

=> dt = dtconv = 22.774722316704416 seconds

Beginning a semi-implicit time step...

(1) Explicit integration of LHS over dt/2...

(2) Implicit integration of RHS over dt/2...

--------------------------------------------------------------------------------
BicGStab: Solving linear system...
--------------------------------------------------------------------------------

Iterations: 73
Final residual: 3.772962824896907e-7

(3) Explicit integration of RHS over dt/2...

(4) Explicit integration of LHS over dt...

(5) Implicit integration of RHS over dt/2...

--------------------------------------------------------------------------------
BicGStab: Solving linear system...
--------------------------------------------------------------------------------

Iterations: 73
Final residual: 1.3917425286880403e-6

...the semi-implicit time step is done.

--------------------------------------------------------------------------------
Time step = 94
Time = 1868.2900491210294 seconds
--------------------------------------------------------------------------------

dtvisc = 3.703703703703704e9 seconds
dtconv = 22.786057205593558 seconds
dtmax = 1000.0 seconds

=> dt = dtconv = 22.786057205593558 seconds

Beginning a semi-implicit time step...

(1) Explicit integration of LHS over dt/2...

(2) Implicit integration of RHS over dt/2...

--------------------------------------------------------------------------------
BicGStab: Solving linear system...
--------------------------------------------------------------------------------

Iterations: 72
Final residual: 3.8765909623631777e-7

(3) Explicit integration of RHS over dt/2...

(4) Explicit integration of LHS over dt...

(5) Implicit integration of RHS over dt/2...

--------------------------------------------------------------------------------
BicGStab: Solving linear system...
--------------------------------------------------------------------------------

Iterations: 76
Final residual: 6.36101431907536e-7

...the semi-implicit time step is done.

--------------------------------------------------------------------------------
Time step = 95
Time = 1891.076106326623 seconds
--------------------------------------------------------------------------------

dtvisc = 3.703703703703704e9 seconds
dtconv = 22.79767666837455 seconds
dtmax = 1000.0 seconds

=> dt = dtconv = 22.79767666837455 seconds

Time step for output: dt = 8.923893673377064 seconds

Beginning a semi-implicit time step...

(1) Explicit integration of LHS over dt/2...

(2) Implicit integration of RHS over dt/2...

--------------------------------------------------------------------------------
BicGStab: Solving linear system...
--------------------------------------------------------------------------------

Iterations: 68
Final residual: 1.1616828499833603e-6

(3) Explicit integration of RHS over dt/2...

(4) Explicit integration of LHS over dt...

(5) Implicit integration of RHS over dt/2...

--------------------------------------------------------------------------------
BicGStab: Solving linear system...
--------------------------------------------------------------------------------

Iterations: 54
Final residual: 6.488999833911042e-6

...the semi-implicit time step is done.

--------------------------------------------------------------------------------
Output into file periodic_hill.h5
Physical time: 1900.0 s
Machine time: 2 minutes, 15 seconds, 217 milliseconds
--------------------------------------------------------------------------------

--------------------------------------------------------------------------------
Time step = 96
Time = 1900.0 seconds
--------------------------------------------------------------------------------

dtvisc = 3.703703703703704e9 seconds
dtconv = 22.80256614348107 seconds
dtmax = 1000.0 seconds

=> dt = dtconv = 22.80256614348107 seconds

Beginning a semi-implicit time step...

(1) Explicit integration of LHS over dt/2...

(2) Implicit integration of RHS over dt/2...

--------------------------------------------------------------------------------
BicGStab: Solving linear system...
--------------------------------------------------------------------------------

Iterations: 76
Final residual: 5.490903490941215e-7

(3) Explicit integration of RHS over dt/2...

(4) Explicit integration of LHS over dt...

(5) Implicit integration of RHS over dt/2...

--------------------------------------------------------------------------------
BicGStab: Solving linear system...
--------------------------------------------------------------------------------

Iterations: 55
Final residual: 1.4094077936418898e-6

...the semi-implicit time step is done.

--------------------------------------------------------------------------------
Time step = 97
Time = 1922.8025661434808 seconds
--------------------------------------------------------------------------------

dtvisc = 3.703703703703704e9 seconds
dtconv = 22.8151234881665 seconds
dtmax = 1000.0 seconds

=> dt = dtconv = 22.8151234881665 seconds

Beginning a semi-implicit time step...

(1) Explicit integration of LHS over dt/2...

(2) Implicit integration of RHS over dt/2...

--------------------------------------------------------------------------------
BicGStab: Solving linear system...
--------------------------------------------------------------------------------

Iterations: 72
Final residual: 3.6613871015185077e-7

(3) Explicit integration of RHS over dt/2...

(4) Explicit integration of LHS over dt...

(5) Implicit integration of RHS over dt/2...

--------------------------------------------------------------------------------
BicGStab: Solving linear system...
--------------------------------------------------------------------------------

Iterations: 59
Final residual: 1.229947107277323e-6

...the semi-implicit time step is done.

--------------------------------------------------------------------------------
Time step = 98
Time = 1945.6176896316474 seconds
--------------------------------------------------------------------------------

dtvisc = 3.703703703703704e9 seconds
dtconv = 22.828789290920472 seconds
dtmax = 1000.0 seconds

=> dt = dtconv = 22.828789290920472 seconds

Beginning a semi-implicit time step...

(1) Explicit integration of LHS over dt/2...

(2) Implicit integration of RHS over dt/2...

--------------------------------------------------------------------------------
BicGStab: Solving linear system...
--------------------------------------------------------------------------------

Iterations: 72
Final residual: 4.489057844694455e-7

(3) Explicit integration of RHS over dt/2...

(4) Explicit integration of LHS over dt...

(5) Implicit integration of RHS over dt/2...

--------------------------------------------------------------------------------
BicGStab: Solving linear system...
--------------------------------------------------------------------------------

Iterations: 63
Final residual: 1.514435452858103e-6

...the semi-implicit time step is done.

--------------------------------------------------------------------------------
Time step = 99
Time = 1968.446478922568 seconds
--------------------------------------------------------------------------------

dtvisc = 3.703703703703704e9 seconds
dtconv = 22.843855537459703 seconds
dtmax = 1000.0 seconds

=> dt = dtconv = 22.843855537459703 seconds

Beginning a semi-implicit time step...

(1) Explicit integration of LHS over dt/2...

(2) Implicit integration of RHS over dt/2...

--------------------------------------------------------------------------------
BicGStab: Solving linear system...
--------------------------------------------------------------------------------

Iterations: 68
Final residual: 5.838803165576254e-7

(3) Explicit integration of RHS over dt/2...

(4) Explicit integration of LHS over dt...

(5) Implicit integration of RHS over dt/2...

--------------------------------------------------------------------------------
BicGStab: Solving linear system...
--------------------------------------------------------------------------------

Iterations: 64
Final residual: 1.100297956971676e-6

...the semi-implicit time step is done.

--------------------------------------------------------------------------------
Time step = 100
Time = 1991.2903344600275 seconds
--------------------------------------------------------------------------------

dtvisc = 3.703703703703704e9 seconds
dtconv = 22.860464341969863 seconds
dtmax = 1000.0 seconds

=> dt = dtconv = 22.860464341969863 seconds

Time step for output: dt = 8.709665539972589 seconds

Beginning a semi-implicit time step...

(1) Explicit integration of LHS over dt/2...

(2) Implicit integration of RHS over dt/2...

--------------------------------------------------------------------------------
BicGStab: Solving linear system...
--------------------------------------------------------------------------------

Iterations: 72
Final residual: 1.143871118914632e-6

(3) Explicit integration of RHS over dt/2...

(4) Explicit integration of LHS over dt...

(5) Implicit integration of RHS over dt/2...

--------------------------------------------------------------------------------
BicGStab: Solving linear system...
--------------------------------------------------------------------------------

Iterations: 55
Final residual: 8.03057277997883e-6

...the semi-implicit time step is done.

--------------------------------------------------------------------------------
Output into file periodic_hill.h5
Physical time: 2000.0000000000002 s
Machine time: 2 minutes, 17 seconds, 110 milliseconds
--------------------------------------------------------------------------------

--------------------------------------------------------------------------------
Time step = 101
Time = 2000.0000000000002 seconds
--------------------------------------------------------------------------------

dtvisc = 3.703703703703704e9 seconds
dtconv = 22.867332650195106 seconds
dtmax = 1000.0 seconds

=> dt = dtconv = 22.867332650195106 seconds

Beginning a semi-implicit time step...

(1) Explicit integration of LHS over dt/2...

(2) Implicit integration of RHS over dt/2...

--------------------------------------------------------------------------------
BicGStab: Solving linear system...
--------------------------------------------------------------------------------

Iterations: 74
Final residual: 3.2072883460510175e-7

(3) Explicit integration of RHS over dt/2...

(4) Explicit integration of LHS over dt...

(5) Implicit integration of RHS over dt/2...

--------------------------------------------------------------------------------
BicGStab: Solving linear system...
--------------------------------------------------------------------------------

Iterations: 58
Final residual: 1.3205567152822823e-6

...the semi-implicit time step is done.

--------------------------------------------------------------------------------
Time step = 102
Time = 2022.867332650195 seconds
--------------------------------------------------------------------------------

dtvisc = 3.703703703703704e9 seconds
dtconv = 22.86045617425768 seconds
dtmax = 1000.0 seconds

=> dt = dtconv = 22.86045617425768 seconds

Beginning a semi-implicit time step...

(1) Explicit integration of LHS over dt/2...

(2) Implicit integration of RHS over dt/2...

--------------------------------------------------------------------------------
BicGStab: Solving linear system...
--------------------------------------------------------------------------------

Iterations: 71
Final residual: 4.702587141092049e-7

(3) Explicit integration of RHS over dt/2...

(4) Explicit integration of LHS over dt...

(5) Implicit integration of RHS over dt/2...

--------------------------------------------------------------------------------
BicGStab: Solving linear system...
--------------------------------------------------------------------------------

Iterations: 59
Final residual: 1.4751683650801808e-6

...the semi-implicit time step is done.

--------------------------------------------------------------------------------
Time step = 103
Time = 2045.7277888244525 seconds
--------------------------------------------------------------------------------

dtvisc = 3.703703703703704e9 seconds
dtconv = 22.8389459258466 seconds
dtmax = 1000.0 seconds

=> dt = dtconv = 22.8389459258466 seconds

Beginning a semi-implicit time step...

(1) Explicit integration of LHS over dt/2...

(2) Implicit integration of RHS over dt/2...

--------------------------------------------------------------------------------
BicGStab: Solving linear system...
--------------------------------------------------------------------------------

Iterations: 70
Final residual: 4.842915335292217e-7

(3) Explicit integration of RHS over dt/2...

(4) Explicit integration of LHS over dt...

(5) Implicit integration of RHS over dt/2...

--------------------------------------------------------------------------------
BicGStab: Solving linear system...
--------------------------------------------------------------------------------

Iterations: 57
Final residual: 9.265405551193595e-7

...the semi-implicit time step is done.

--------------------------------------------------------------------------------
Time step = 104
Time = 2068.566734750299 seconds
--------------------------------------------------------------------------------

dtvisc = 3.703703703703704e9 seconds
dtconv = 22.819731192686536 seconds
dtmax = 1000.0 seconds

=> dt = dtconv = 22.819731192686536 seconds

Beginning a semi-implicit time step...

(1) Explicit integration of LHS over dt/2...

(2) Implicit integration of RHS over dt/2...

--------------------------------------------------------------------------------
BicGStab: Solving linear system...
--------------------------------------------------------------------------------

Iterations: 71
Final residual: 5.208968881113453e-7

(3) Explicit integration of RHS over dt/2...

(4) Explicit integration of LHS over dt...

(5) Implicit integration of RHS over dt/2...

--------------------------------------------------------------------------------
BicGStab: Solving linear system...
--------------------------------------------------------------------------------

Iterations: 58
Final residual: 1.1065512415375144e-6

...the semi-implicit time step is done.

--------------------------------------------------------------------------------
Time step = 105
Time = 2091.3864659429855 seconds
--------------------------------------------------------------------------------

dtvisc = 3.703703703703704e9 seconds
dtconv = 22.802800425478832 seconds
dtmax = 1000.0 seconds

=> dt = dtconv = 22.802800425478832 seconds

Time step for output: dt = 8.613534057014423 seconds

Beginning a semi-implicit time step...

(1) Explicit integration of LHS over dt/2...

(2) Implicit integration of RHS over dt/2...

--------------------------------------------------------------------------------
BicGStab: Solving linear system...
--------------------------------------------------------------------------------

Iterations: 70
Final residual: 9.174052829876677e-7

(3) Explicit integration of RHS over dt/2...

(4) Explicit integration of LHS over dt...

(5) Implicit integration of RHS over dt/2...

--------------------------------------------------------------------------------
BicGStab: Solving linear system...
--------------------------------------------------------------------------------

Iterations: 60
Final residual: 8.865452382661785e-6

...the semi-implicit time step is done.

--------------------------------------------------------------------------------
Output into file periodic_hill.h5
Physical time: 2100.0 s
Machine time: 2 minutes, 19 seconds, 594 milliseconds
--------------------------------------------------------------------------------

--------------------------------------------------------------------------------
Time step = 106
Time = 2100.0 seconds
--------------------------------------------------------------------------------

dtvisc = 3.703703703703704e9 seconds
dtconv = 22.796943165418792 seconds
dtmax = 1000.0 seconds

=> dt = dtconv = 22.796943165418792 seconds

Beginning a semi-implicit time step...

(1) Explicit integration of LHS over dt/2...

(2) Implicit integration of RHS over dt/2...

--------------------------------------------------------------------------------
BicGStab: Solving linear system...
--------------------------------------------------------------------------------

Iterations: 73
Final residual: 2.767492357729925e-7

(3) Explicit integration of RHS over dt/2...

(4) Explicit integration of LHS over dt...

(5) Implicit integration of RHS over dt/2...

--------------------------------------------------------------------------------
BicGStab: Solving linear system...
--------------------------------------------------------------------------------

Iterations: 57
Final residual: 1.484332651019383e-6

...the semi-implicit time step is done.

--------------------------------------------------------------------------------
Time step = 107
Time = 2122.7969431654187 seconds
--------------------------------------------------------------------------------

dtvisc = 3.703703703703704e9 seconds
dtconv = 22.782386224791725 seconds
dtmax = 1000.0 seconds

=> dt = dtconv = 22.782386224791725 seconds

Beginning a semi-implicit time step...

(1) Explicit integration of LHS over dt/2...

(2) Implicit integration of RHS over dt/2...

--------------------------------------------------------------------------------
BicGStab: Solving linear system...
--------------------------------------------------------------------------------

Iterations: 71
Final residual: 6.867162539806187e-7

(3) Explicit integration of RHS over dt/2...

(4) Explicit integration of LHS over dt...

(5) Implicit integration of RHS over dt/2...

--------------------------------------------------------------------------------
BicGStab: Solving linear system...
--------------------------------------------------------------------------------

Iterations: 60
Final residual: 1.137238465674422e-6

...the semi-implicit time step is done.

--------------------------------------------------------------------------------
Time step = 108
Time = 2145.5793293902107 seconds
--------------------------------------------------------------------------------

dtvisc = 3.703703703703704e9 seconds
dtconv = 22.769234105383607 seconds
dtmax = 1000.0 seconds

=> dt = dtconv = 22.769234105383607 seconds

Beginning a semi-implicit time step...

(1) Explicit integration of LHS over dt/2...

(2) Implicit integration of RHS over dt/2...

--------------------------------------------------------------------------------
BicGStab: Solving linear system...
--------------------------------------------------------------------------------

Iterations: 71
Final residual: 4.6955343466924405e-7

(3) Explicit integration of RHS over dt/2...

(4) Explicit integration of LHS over dt...

(5) Implicit integration of RHS over dt/2...

--------------------------------------------------------------------------------
BicGStab: Solving linear system...
--------------------------------------------------------------------------------

Iterations: 63
Final residual: 1.5437356322244136e-6

...the semi-implicit time step is done.

--------------------------------------------------------------------------------
Time step = 109
Time = 2168.348563495594 seconds
--------------------------------------------------------------------------------

dtvisc = 3.703703703703704e9 seconds
dtconv = 22.757537793039567 seconds
dtmax = 1000.0 seconds

=> dt = dtconv = 22.757537793039567 seconds

Beginning a semi-implicit time step...

(1) Explicit integration of LHS over dt/2...

(2) Implicit integration of RHS over dt/2...

--------------------------------------------------------------------------------
BicGStab: Solving linear system...
--------------------------------------------------------------------------------

Iterations: 70
Final residual: 4.6479327975066374e-7

(3) Explicit integration of RHS over dt/2...

(4) Explicit integration of LHS over dt...

(5) Implicit integration of RHS over dt/2...

--------------------------------------------------------------------------------
BicGStab: Solving linear system...
--------------------------------------------------------------------------------

Iterations: 60
Final residual: 1.565193811206817e-6

...the semi-implicit time step is done.

--------------------------------------------------------------------------------
Time step = 110
Time = 2191.106101288634 seconds
--------------------------------------------------------------------------------

dtvisc = 3.703703703703704e9 seconds
dtconv = 22.744791651827356 seconds
dtmax = 1000.0 seconds

=> dt = dtconv = 22.744791651827356 seconds

Time step for output: dt = 8.893898711366209 seconds

Beginning a semi-implicit time step...

(1) Explicit integration of LHS over dt/2...

(2) Implicit integration of RHS over dt/2...

--------------------------------------------------------------------------------
BicGStab: Solving linear system...
--------------------------------------------------------------------------------

Iterations: 73
Final residual: 6.605228205357316e-7

(3) Explicit integration of RHS over dt/2...

(4) Explicit integration of LHS over dt...

(5) Implicit integration of RHS over dt/2...

--------------------------------------------------------------------------------
BicGStab: Solving linear system...
--------------------------------------------------------------------------------

Iterations: 69
Final residual: 1.6351984252619315e-6

...the semi-implicit time step is done.

--------------------------------------------------------------------------------
Output into file periodic_hill.h5
Physical time: 2200.0 s
Machine time: 2 minutes, 21 seconds, 594 milliseconds
--------------------------------------------------------------------------------

--------------------------------------------------------------------------------
Time step = 111
Time = 2200.0 seconds
--------------------------------------------------------------------------------

dtvisc = 3.703703703703704e9 seconds
dtconv = 22.740197737519818 seconds
dtmax = 1000.0 seconds

=> dt = dtconv = 22.740197737519818 seconds

Beginning a semi-implicit time step...

(1) Explicit integration of LHS over dt/2...

(2) Implicit integration of RHS over dt/2...

--------------------------------------------------------------------------------
BicGStab: Solving linear system...
--------------------------------------------------------------------------------

Iterations: 75
Final residual: 2.3780235803488715e-7

(3) Explicit integration of RHS over dt/2...

(4) Explicit integration of LHS over dt...

(5) Implicit integration of RHS over dt/2...

--------------------------------------------------------------------------------
BicGStab: Solving linear system...
--------------------------------------------------------------------------------

Iterations: 60
Final residual: 1.5435394236375775e-6

...the semi-implicit time step is done.

--------------------------------------------------------------------------------
Time step = 112
Time = 2222.74019773752 seconds
--------------------------------------------------------------------------------

dtvisc = 3.703703703703704e9 seconds
dtconv = 22.72941723307214 seconds
dtmax = 1000.0 seconds

=> dt = dtconv = 22.72941723307214 seconds

Beginning a semi-implicit time step...

(1) Explicit integration of LHS over dt/2...

(2) Implicit integration of RHS over dt/2...

--------------------------------------------------------------------------------
BicGStab: Solving linear system...
--------------------------------------------------------------------------------

Iterations: 72
Final residual: 1.6750513743825965e-7

(3) Explicit integration of RHS over dt/2...

(4) Explicit integration of LHS over dt...

(5) Implicit integration of RHS over dt/2...

--------------------------------------------------------------------------------
BicGStab: Solving linear system...
--------------------------------------------------------------------------------

Iterations: 62
Final residual: 1.3009231568225328e-6

...the semi-implicit time step is done.

--------------------------------------------------------------------------------
Time step = 113
Time = 2245.469614970592 seconds
--------------------------------------------------------------------------------

dtvisc = 3.703703703703704e9 seconds
dtconv = 22.720616959370922 seconds
dtmax = 1000.0 seconds

=> dt = dtconv = 22.720616959370922 seconds

Beginning a semi-implicit time step...

(1) Explicit integration of LHS over dt/2...

(2) Implicit integration of RHS over dt/2...

--------------------------------------------------------------------------------
BicGStab: Solving linear system...
--------------------------------------------------------------------------------

Iterations: 71
Final residual: 5.911737859178295e-7

(3) Explicit integration of RHS over dt/2...

(4) Explicit integration of LHS over dt...

(5) Implicit integration of RHS over dt/2...

--------------------------------------------------------------------------------
BicGStab: Solving linear system...
--------------------------------------------------------------------------------

Iterations: 60
Final residual: 1.434139391620907e-6

...the semi-implicit time step is done.

--------------------------------------------------------------------------------
Time step = 114
Time = 2268.190231929963 seconds
--------------------------------------------------------------------------------

dtvisc = 3.703703703703704e9 seconds
dtconv = 22.713506961854673 seconds
dtmax = 1000.0 seconds

=> dt = dtconv = 22.713506961854673 seconds

Beginning a semi-implicit time step...

(1) Explicit integration of LHS over dt/2...

(2) Implicit integration of RHS over dt/2...

--------------------------------------------------------------------------------
BicGStab: Solving linear system...
--------------------------------------------------------------------------------

Iterations: 73
Final residual: 5.968621646977203e-7

(3) Explicit integration of RHS over dt/2...

(4) Explicit integration of LHS over dt...

(5) Implicit integration of RHS over dt/2...

--------------------------------------------------------------------------------
BicGStab: Solving linear system...
--------------------------------------------------------------------------------

Iterations: 74
Final residual: 2.8655224136183433e-7

...the semi-implicit time step is done.

--------------------------------------------------------------------------------
Time step = 115
Time = 2290.9037388918173 seconds
--------------------------------------------------------------------------------

dtvisc = 3.703703703703704e9 seconds
dtconv = 22.707964586531553 seconds
dtmax = 1000.0 seconds

=> dt = dtconv = 22.707964586531553 seconds

Time step for output: dt = 9.096261108182613 seconds

Beginning a semi-implicit time step...

(1) Explicit integration of LHS over dt/2...

(2) Implicit integration of RHS over dt/2...

--------------------------------------------------------------------------------
BicGStab: Solving linear system...
--------------------------------------------------------------------------------

Iterations: 70
Final residual: 6.900190669167722e-7

(3) Explicit integration of RHS over dt/2...

(4) Explicit integration of LHS over dt...

(5) Implicit integration of RHS over dt/2...

--------------------------------------------------------------------------------
BicGStab: Solving linear system...
--------------------------------------------------------------------------------

Iterations: 61
Final residual: 3.066102090762858e-6

...the semi-implicit time step is done.

--------------------------------------------------------------------------------
Output into file periodic_hill.h5
Physical time: 2300.0 s
Machine time: 2 minutes, 24 seconds, 3 milliseconds
--------------------------------------------------------------------------------

--------------------------------------------------------------------------------
Time step = 116
Time = 2300.0 seconds
--------------------------------------------------------------------------------

dtvisc = 3.703703703703704e9 seconds
dtconv = 22.70623209105644 seconds
dtmax = 1000.0 seconds

=> dt = dtconv = 22.70623209105644 seconds

Beginning a semi-implicit time step...

(1) Explicit integration of LHS over dt/2...

(2) Implicit integration of RHS over dt/2...

--------------------------------------------------------------------------------
BicGStab: Solving linear system...
--------------------------------------------------------------------------------

Iterations: 81
Final residual: 4.440787120429082e-7

(3) Explicit integration of RHS over dt/2...

(4) Explicit integration of LHS over dt...

(5) Implicit integration of RHS over dt/2...

--------------------------------------------------------------------------------
BicGStab: Solving linear system...
--------------------------------------------------------------------------------

Iterations: 75
Final residual: 1.2413334501827076e-6

...the semi-implicit time step is done.

--------------------------------------------------------------------------------
Time step = 117
Time = 2322.7062320910563 seconds
--------------------------------------------------------------------------------

dtvisc = 3.703703703703704e9 seconds
dtconv = 22.703389556380912 seconds
dtmax = 1000.0 seconds

=> dt = dtconv = 22.703389556380912 seconds

Beginning a semi-implicit time step...

(1) Explicit integration of LHS over dt/2...

(2) Implicit integration of RHS over dt/2...

--------------------------------------------------------------------------------
BicGStab: Solving linear system...
--------------------------------------------------------------------------------

Iterations: 76
Final residual: 2.3107497413432636e-7

(3) Explicit integration of RHS over dt/2...

(4) Explicit integration of LHS over dt...

(5) Implicit integration of RHS over dt/2...

--------------------------------------------------------------------------------
BicGStab: Solving linear system...
--------------------------------------------------------------------------------

Iterations: 69
Final residual: 7.722415323516543e-7

...the semi-implicit time step is done.

--------------------------------------------------------------------------------
Time step = 118
Time = 2345.4096216474372 seconds
--------------------------------------------------------------------------------

dtvisc = 3.703703703703704e9 seconds
dtconv = 22.7031502990334 seconds
dtmax = 1000.0 seconds

=> dt = dtconv = 22.7031502990334 seconds

Beginning a semi-implicit time step...

(1) Explicit integration of LHS over dt/2...

(2) Implicit integration of RHS over dt/2...

--------------------------------------------------------------------------------
BicGStab: Solving linear system...
--------------------------------------------------------------------------------

Iterations: 74
Final residual: 6.94518589193892e-7

(3) Explicit integration of RHS over dt/2...

(4) Explicit integration of LHS over dt...

(5) Implicit integration of RHS over dt/2...

--------------------------------------------------------------------------------
BicGStab: Solving linear system...
--------------------------------------------------------------------------------

Iterations: 71
Final residual: 3.745784291049224e-7

...the semi-implicit time step is done.

--------------------------------------------------------------------------------
Time step = 119
Time = 2368.1127719464707 seconds
--------------------------------------------------------------------------------

dtvisc = 3.703703703703704e9 seconds
dtconv = 22.70520420597034 seconds
dtmax = 1000.0 seconds

=> dt = dtconv = 22.70520420597034 seconds

Beginning a semi-implicit time step...

(1) Explicit integration of LHS over dt/2...

(2) Implicit integration of RHS over dt/2...

--------------------------------------------------------------------------------
BicGStab: Solving linear system...
--------------------------------------------------------------------------------

Iterations: 74
Final residual: 1.9663685829074854e-7

(3) Explicit integration of RHS over dt/2...

(4) Explicit integration of LHS over dt...

(5) Implicit integration of RHS over dt/2...

--------------------------------------------------------------------------------
BicGStab: Solving linear system...
--------------------------------------------------------------------------------

Iterations: 74
Final residual: 1.2731776311406547e-6

...the semi-implicit time step is done.

--------------------------------------------------------------------------------
Time step = 120
Time = 2390.8179761524407 seconds
--------------------------------------------------------------------------------

dtvisc = 3.703703703703704e9 seconds
dtconv = 22.709157169258656 seconds
dtmax = 1000.0 seconds

=> dt = dtconv = 22.709157169258656 seconds

Time step for output: dt = 9.182023847559314 seconds

Beginning a semi-implicit time step...

(1) Explicit integration of LHS over dt/2...

(2) Implicit integration of RHS over dt/2...

--------------------------------------------------------------------------------
BicGStab: Solving linear system...
--------------------------------------------------------------------------------

Iterations: 73
Final residual: 5.012216845492407e-7

(3) Explicit integration of RHS over dt/2...

(4) Explicit integration of LHS over dt...

(5) Implicit integration of RHS over dt/2...

--------------------------------------------------------------------------------
BicGStab: Solving linear system...
--------------------------------------------------------------------------------

Iterations: 55
Final residual: 5.423513475104606e-6

...the semi-implicit time step is done.

--------------------------------------------------------------------------------
Output into file periodic_hill.h5
Physical time: 2400.0 s
Machine time: 2 minutes, 25 seconds, 799 milliseconds
--------------------------------------------------------------------------------

--------------------------------------------------------------------------------
Time step = 121
Time = 2400.0 seconds
--------------------------------------------------------------------------------

dtvisc = 3.703703703703704e9 seconds
dtconv = 22.711270308488103 seconds
dtmax = 1000.0 seconds

=> dt = dtconv = 22.711270308488103 seconds

Beginning a semi-implicit time step...

(1) Explicit integration of LHS over dt/2...

(2) Implicit integration of RHS over dt/2...

--------------------------------------------------------------------------------
BicGStab: Solving linear system...
--------------------------------------------------------------------------------

Iterations: 79
Final residual: 6.055054931828696e-7

(3) Explicit integration of RHS over dt/2...

(4) Explicit integration of LHS over dt...

(5) Implicit integration of RHS over dt/2...

--------------------------------------------------------------------------------
BicGStab: Solving linear system...
--------------------------------------------------------------------------------

Iterations: 76
Final residual: 6.399608666715242e-7

...the semi-implicit time step is done.

--------------------------------------------------------------------------------
Time step = 122
Time = 2422.711270308488 seconds
--------------------------------------------------------------------------------

dtvisc = 3.703703703703704e9 seconds
dtconv = 22.71684352141026 seconds
dtmax = 1000.0 seconds

=> dt = dtconv = 22.71684352141026 seconds

Beginning a semi-implicit time step...

(1) Explicit integration of LHS over dt/2...

(2) Implicit integration of RHS over dt/2...

--------------------------------------------------------------------------------
BicGStab: Solving linear system...
--------------------------------------------------------------------------------

Iterations: 72
Final residual: 8.28641546045829e-7

(3) Explicit integration of RHS over dt/2...

(4) Explicit integration of LHS over dt...

(5) Implicit integration of RHS over dt/2...

--------------------------------------------------------------------------------
BicGStab: Solving linear system...
--------------------------------------------------------------------------------

Iterations: 76
Final residual: 4.102057469816595e-7

...the semi-implicit time step is done.

--------------------------------------------------------------------------------
Time step = 123
Time = 2445.428113829899 seconds
--------------------------------------------------------------------------------

dtvisc = 3.703703703703704e9 seconds
dtconv = 22.721522381354564 seconds
dtmax = 1000.0 seconds

=> dt = dtconv = 22.721522381354564 seconds

Beginning a semi-implicit time step...

(1) Explicit integration of LHS over dt/2...

(2) Implicit integration of RHS over dt/2...

--------------------------------------------------------------------------------
BicGStab: Solving linear system...
--------------------------------------------------------------------------------

Iterations: 70
Final residual: 8.316580184254894e-7

(3) Explicit integration of RHS over dt/2...

(4) Explicit integration of LHS over dt...

(5) Implicit integration of RHS over dt/2...

--------------------------------------------------------------------------------
BicGStab: Solving linear system...
--------------------------------------------------------------------------------

Iterations: 73
Final residual: 6.073912142252787e-7

...the semi-implicit time step is done.

--------------------------------------------------------------------------------
Time step = 124
Time = 2468.149636211253 seconds
--------------------------------------------------------------------------------

dtvisc = 3.703703703703704e9 seconds
dtconv = 22.72766538750843 seconds
dtmax = 1000.0 seconds

=> dt = dtconv = 22.72766538750843 seconds

Beginning a semi-implicit time step...

(1) Explicit integration of LHS over dt/2...

(2) Implicit integration of RHS over dt/2...

--------------------------------------------------------------------------------
BicGStab: Solving linear system...
--------------------------------------------------------------------------------

Iterations: 73
Final residual: 7.741243822994133e-7

(3) Explicit integration of RHS over dt/2...

(4) Explicit integration of LHS over dt...

(5) Implicit integration of RHS over dt/2...

--------------------------------------------------------------------------------
BicGStab: Solving linear system...
--------------------------------------------------------------------------------

Iterations: 63
Final residual: 1.3240056804354135e-6

...the semi-implicit time step is done.

--------------------------------------------------------------------------------
Time step = 125
Time = 2490.8773015987613 seconds
--------------------------------------------------------------------------------

dtvisc = 3.703703703703704e9 seconds
dtconv = 22.735374529226725 seconds
dtmax = 1000.0 seconds

=> dt = dtconv = 22.735374529226725 seconds

Time step for output: dt = 9.122698401238598 seconds

Beginning a semi-implicit time step...

(1) Explicit integration of LHS over dt/2...

(2) Implicit integration of RHS over dt/2...

--------------------------------------------------------------------------------
BicGStab: Solving linear system...
--------------------------------------------------------------------------------

Iterations: 69
Final residual: 7.164539550624064e-7

(3) Explicit integration of RHS over dt/2...

(4) Explicit integration of LHS over dt...

(5) Implicit integration of RHS over dt/2...

--------------------------------------------------------------------------------
BicGStab: Solving linear system...
--------------------------------------------------------------------------------

Iterations: 52
Final residual: 5.666525816879906e-6

...the semi-implicit time step is done.

--------------------------------------------------------------------------------
Output into file periodic_hill.h5
Physical time: 2500.0 s
Machine time: 2 minutes, 28 seconds, 306 milliseconds
--------------------------------------------------------------------------------

--------------------------------------------------------------------------------
Time step = 126
Time = 2500.0 seconds
--------------------------------------------------------------------------------

dtvisc = 3.703703703703704e9 seconds
dtconv = 22.73900566161684 seconds
dtmax = 1000.0 seconds

=> dt = dtconv = 22.73900566161684 seconds

Beginning a semi-implicit time step...

(1) Explicit integration of LHS over dt/2...

(2) Implicit integration of RHS over dt/2...

--------------------------------------------------------------------------------
BicGStab: Solving linear system...
--------------------------------------------------------------------------------

Iterations: 76
Final residual: 4.840120697916e-7

(3) Explicit integration of RHS over dt/2...

(4) Explicit integration of LHS over dt...

(5) Implicit integration of RHS over dt/2...

--------------------------------------------------------------------------------
BicGStab: Solving linear system...
--------------------------------------------------------------------------------

Iterations: 72
Final residual: 6.905142155885599e-7

...the semi-implicit time step is done.

--------------------------------------------------------------------------------
Time step = 127
Time = 2522.739005661617 seconds
--------------------------------------------------------------------------------

dtvisc = 3.703703703703704e9 seconds
dtconv = 22.748466978403396 seconds
dtmax = 1000.0 seconds

=> dt = dtconv = 22.748466978403396 seconds

Beginning a semi-implicit time step...

(1) Explicit integration of LHS over dt/2...

(2) Implicit integration of RHS over dt/2...

--------------------------------------------------------------------------------
BicGStab: Solving linear system...
--------------------------------------------------------------------------------

Iterations: 72
Final residual: 5.461839808756246e-7

(3) Explicit integration of RHS over dt/2...

(4) Explicit integration of LHS over dt...

(5) Implicit integration of RHS over dt/2...

--------------------------------------------------------------------------------
BicGStab: Solving linear system...
--------------------------------------------------------------------------------

Iterations: 74
Final residual: 2.9161421832219005e-7

...the semi-implicit time step is done.

--------------------------------------------------------------------------------
Time step = 128
Time = 2545.4874726400208 seconds
--------------------------------------------------------------------------------

dtvisc = 3.703703703703704e9 seconds
dtconv = 22.75938924888893 seconds
dtmax = 1000.0 seconds

=> dt = dtconv = 22.75938924888893 seconds

Beginning a semi-implicit time step...

(1) Explicit integration of LHS over dt/2...

(2) Implicit integration of RHS over dt/2...

--------------------------------------------------------------------------------
BicGStab: Solving linear system...
--------------------------------------------------------------------------------

Iterations: 71
Final residual: 7.815833364172034e-7

(3) Explicit integration of RHS over dt/2...

(4) Explicit integration of LHS over dt...

(5) Implicit integration of RHS over dt/2...

--------------------------------------------------------------------------------
BicGStab: Solving linear system...
--------------------------------------------------------------------------------

Iterations: 73
Final residual: 7.636803673520342e-7

...the semi-implicit time step is done.

--------------------------------------------------------------------------------
Time step = 129
Time = 2568.2468618889097 seconds
--------------------------------------------------------------------------------

dtvisc = 3.703703703703704e9 seconds
dtconv = 22.77195281726024 seconds
dtmax = 1000.0 seconds

=> dt = dtconv = 22.77195281726024 seconds

Beginning a semi-implicit time step...

(1) Explicit integration of LHS over dt/2...

(2) Implicit integration of RHS over dt/2...

--------------------------------------------------------------------------------
BicGStab: Solving linear system...
--------------------------------------------------------------------------------

Iterations: 68
Final residual: 7.94900575731656e-7

(3) Explicit integration of RHS over dt/2...

(4) Explicit integration of LHS over dt...

(5) Implicit integration of RHS over dt/2...

--------------------------------------------------------------------------------
BicGStab: Solving linear system...
--------------------------------------------------------------------------------

Iterations: 61
Final residual: 1.6288610720184058e-6

...the semi-implicit time step is done.

--------------------------------------------------------------------------------
Time step = 130
Time = 2591.01881470617 seconds
--------------------------------------------------------------------------------

dtvisc = 3.703703703703704e9 seconds
dtconv = 22.786351248506712 seconds
dtmax = 1000.0 seconds

=> dt = dtconv = 22.786351248506712 seconds

Time step for output: dt = 8.98118529382993 seconds

Beginning a semi-implicit time step...

(1) Explicit integration of LHS over dt/2...

(2) Implicit integration of RHS over dt/2...

--------------------------------------------------------------------------------
BicGStab: Solving linear system...
--------------------------------------------------------------------------------

Iterations: 71
Final residual: 9.711087549622026e-7

(3) Explicit integration of RHS over dt/2...

(4) Explicit integration of LHS over dt...

(5) Implicit integration of RHS over dt/2...

--------------------------------------------------------------------------------
BicGStab: Solving linear system...
--------------------------------------------------------------------------------

Iterations: 70
Final residual: 6.1653194592313286e-6

...the semi-implicit time step is done.

--------------------------------------------------------------------------------
Output into file periodic_hill.h5
Physical time: 2600.0 s
Machine time: 2 minutes, 30 seconds, 812 milliseconds
--------------------------------------------------------------------------------

--------------------------------------------------------------------------------
Time step = 131
Time = 2600.0 seconds
--------------------------------------------------------------------------------

dtvisc = 3.703703703703704e9 seconds
dtconv = 22.792635655710697 seconds
dtmax = 1000.0 seconds

=> dt = dtconv = 22.792635655710697 seconds

Beginning a semi-implicit time step...

(1) Explicit integration of LHS over dt/2...

(2) Implicit integration of RHS over dt/2...

--------------------------------------------------------------------------------
BicGStab: Solving linear system...
--------------------------------------------------------------------------------

Iterations: 72
Final residual: 2.499832361139295e-7

(3) Explicit integration of RHS over dt/2...

(4) Explicit integration of LHS over dt...

(5) Implicit integration of RHS over dt/2...

--------------------------------------------------------------------------------
BicGStab: Solving linear system...
--------------------------------------------------------------------------------

Iterations: 58
Final residual: 1.6437909867615885e-6

...the semi-implicit time step is done.

--------------------------------------------------------------------------------
Time step = 132
Time = 2622.7926356557105 seconds
--------------------------------------------------------------------------------

dtvisc = 3.703703703703704e9 seconds
dtconv = 22.810166334985794 seconds
dtmax = 1000.0 seconds

=> dt = dtconv = 22.810166334985794 seconds

Beginning a semi-implicit time step...

(1) Explicit integration of LHS over dt/2...

(2) Implicit integration of RHS over dt/2...

--------------------------------------------------------------------------------
BicGStab: Solving linear system...
--------------------------------------------------------------------------------

Iterations: 73
Final residual: 2.643185490053412e-7

(3) Explicit integration of RHS over dt/2...

(4) Explicit integration of LHS over dt...

(5) Implicit integration of RHS over dt/2...

--------------------------------------------------------------------------------
BicGStab: Solving linear system...
--------------------------------------------------------------------------------

Iterations: 62
Final residual: 1.6167005546068206e-6

...the semi-implicit time step is done.

--------------------------------------------------------------------------------
Time step = 133
Time = 2645.602801990696 seconds
--------------------------------------------------------------------------------

dtvisc = 3.703703703703704e9 seconds
dtconv = 22.818548710455726 seconds
dtmax = 1000.0 seconds

=> dt = dtconv = 22.818548710455726 seconds

Beginning a semi-implicit time step...

(1) Explicit integration of LHS over dt/2...

(2) Implicit integration of RHS over dt/2...

--------------------------------------------------------------------------------
BicGStab: Solving linear system...
--------------------------------------------------------------------------------

Iterations: 69
Final residual: 2.4401820670353867e-7

(3) Explicit integration of RHS over dt/2...

(4) Explicit integration of LHS over dt...

(5) Implicit integration of RHS over dt/2...

--------------------------------------------------------------------------------
BicGStab: Solving linear system...
--------------------------------------------------------------------------------

Iterations: 66
Final residual: 1.6046643293556142e-6

...the semi-implicit time step is done.

--------------------------------------------------------------------------------
Time step = 134
Time = 2668.4213507011523 seconds
--------------------------------------------------------------------------------

dtvisc = 3.703703703703704e9 seconds
dtconv = 22.81277338368207 seconds
dtmax = 1000.0 seconds

=> dt = dtconv = 22.81277338368207 seconds

Beginning a semi-implicit time step...

(1) Explicit integration of LHS over dt/2...

(2) Implicit integration of RHS over dt/2...

--------------------------------------------------------------------------------
BicGStab: Solving linear system...
--------------------------------------------------------------------------------

Iterations: 72
Final residual: 3.174966639807133e-7

(3) Explicit integration of RHS over dt/2...

(4) Explicit integration of LHS over dt...

(5) Implicit integration of RHS over dt/2...

--------------------------------------------------------------------------------
BicGStab: Solving linear system...
--------------------------------------------------------------------------------

Iterations: 67
Final residual: 1.6039006553414574e-6

...the semi-implicit time step is done.

--------------------------------------------------------------------------------
Time step = 135
Time = 2691.2341240848345 seconds
--------------------------------------------------------------------------------

dtvisc = 3.703703703703704e9 seconds
dtconv = 22.80846250969658 seconds
dtmax = 1000.0 seconds

=> dt = dtconv = 22.80846250969658 seconds

Time step for output: dt = 8.76587591516541 seconds

Beginning a semi-implicit time step...

(1) Explicit integration of LHS over dt/2...

(2) Implicit integration of RHS over dt/2...

--------------------------------------------------------------------------------
BicGStab: Solving linear system...
--------------------------------------------------------------------------------

Iterations: 69
Final residual: 1.339732588757549e-6

(3) Explicit integration of RHS over dt/2...

(4) Explicit integration of LHS over dt...

(5) Implicit integration of RHS over dt/2...

--------------------------------------------------------------------------------
BicGStab: Solving linear system...
--------------------------------------------------------------------------------

Iterations: 66
Final residual: 7.671045176939021e-6

...the semi-implicit time step is done.

--------------------------------------------------------------------------------
Output into file periodic_hill.h5
Physical time: 2700.0 s
Machine time: 2 minutes, 33 seconds, 884 milliseconds
--------------------------------------------------------------------------------

--------------------------------------------------------------------------------
Time step = 136
Time = 2700.0 seconds
--------------------------------------------------------------------------------

dtvisc = 3.703703703703704e9 seconds
dtconv = 22.806924468322027 seconds
dtmax = 1000.0 seconds

=> dt = dtconv = 22.806924468322027 seconds

Beginning a semi-implicit time step...

(1) Explicit integration of LHS over dt/2...

(2) Implicit integration of RHS over dt/2...

--------------------------------------------------------------------------------
BicGStab: Solving linear system...
--------------------------------------------------------------------------------

Iterations: 84
Final residual: 2.6968647776027365e-7

(3) Explicit integration of RHS over dt/2...

(4) Explicit integration of LHS over dt...

(5) Implicit integration of RHS over dt/2...

--------------------------------------------------------------------------------
BicGStab: Solving linear system...
--------------------------------------------------------------------------------

Iterations: 69
Final residual: 1.6144262289629162e-6

...the semi-implicit time step is done.

--------------------------------------------------------------------------------
Time step = 137
Time = 2722.806924468322 seconds
--------------------------------------------------------------------------------

dtvisc = 3.703703703703704e9 seconds
dtconv = 22.804866635823654 seconds
dtmax = 1000.0 seconds

=> dt = dtconv = 22.804866635823654 seconds

Beginning a semi-implicit time step...

(1) Explicit integration of LHS over dt/2...

(2) Implicit integration of RHS over dt/2...

--------------------------------------------------------------------------------
BicGStab: Solving linear system...
--------------------------------------------------------------------------------

Iterations: 66
Final residual: 8.245065881282745e-7

(3) Explicit integration of RHS over dt/2...

(4) Explicit integration of LHS over dt...

(5) Implicit integration of RHS over dt/2...

--------------------------------------------------------------------------------
BicGStab: Solving linear system...
--------------------------------------------------------------------------------

Iterations: 68
Final residual: 1.5441226801318554e-6

...the semi-implicit time step is done.

--------------------------------------------------------------------------------
Time step = 138
Time = 2745.6117911041456 seconds
--------------------------------------------------------------------------------

dtvisc = 3.703703703703704e9 seconds
dtconv = 22.80441566117171 seconds
dtmax = 1000.0 seconds

=> dt = dtconv = 22.80441566117171 seconds

Beginning a semi-implicit time step...

(1) Explicit integration of LHS over dt/2...

(2) Implicit integration of RHS over dt/2...

--------------------------------------------------------------------------------
BicGStab: Solving linear system...
--------------------------------------------------------------------------------

Iterations: 72
Final residual: 8.684735779448833e-7

(3) Explicit integration of RHS over dt/2...

(4) Explicit integration of LHS over dt...

(5) Implicit integration of RHS over dt/2...

--------------------------------------------------------------------------------
BicGStab: Solving linear system...
--------------------------------------------------------------------------------

Iterations: 67
Final residual: 1.3790529130864014e-6

...the semi-implicit time step is done.

--------------------------------------------------------------------------------
Time step = 139
Time = 2768.4162067653174 seconds
--------------------------------------------------------------------------------

dtvisc = 3.703703703703704e9 seconds
dtconv = 22.80590197903906 seconds
dtmax = 1000.0 seconds

=> dt = dtconv = 22.80590197903906 seconds

Beginning a semi-implicit time step...

(1) Explicit integration of LHS over dt/2...

(2) Implicit integration of RHS over dt/2...

--------------------------------------------------------------------------------
BicGStab: Solving linear system...
--------------------------------------------------------------------------------

Iterations: 71
Final residual: 3.7382856845274536e-7

(3) Explicit integration of RHS over dt/2...

(4) Explicit integration of LHS over dt...

(5) Implicit integration of RHS over dt/2...

--------------------------------------------------------------------------------
BicGStab: Solving linear system...
--------------------------------------------------------------------------------

Iterations: 61
Final residual: 1.6743474500293187e-6

...the semi-implicit time step is done.

--------------------------------------------------------------------------------
Time step = 140
Time = 2791.2221087443563 seconds
--------------------------------------------------------------------------------

dtvisc = 3.703703703703704e9 seconds
dtconv = 22.80917504349689 seconds
dtmax = 1000.0 seconds

=> dt = dtconv = 22.80917504349689 seconds

Time step for output: dt = 8.77789125564388 seconds

Beginning a semi-implicit time step...

(1) Explicit integration of LHS over dt/2...

(2) Implicit integration of RHS over dt/2...

--------------------------------------------------------------------------------
BicGStab: Solving linear system...
--------------------------------------------------------------------------------

Iterations: 72
Final residual: 6.376315087139823e-7

(3) Explicit integration of RHS over dt/2...

(4) Explicit integration of LHS over dt...

(5) Implicit integration of RHS over dt/2...

--------------------------------------------------------------------------------
BicGStab: Solving linear system...
--------------------------------------------------------------------------------

Iterations: 55
Final residual: 8.64424024746129e-6

...the semi-implicit time step is done.

--------------------------------------------------------------------------------
Output into file periodic_hill.h5
Physical time: 2800.0 s
Machine time: 2 minutes, 36 seconds, 830 milliseconds
--------------------------------------------------------------------------------

--------------------------------------------------------------------------------
Time step = 141
Time = 2800.0 seconds
--------------------------------------------------------------------------------

dtvisc = 3.703703703703704e9 seconds
dtconv = 22.81067922769799 seconds
dtmax = 1000.0 seconds

=> dt = dtconv = 22.81067922769799 seconds

Beginning a semi-implicit time step...

(1) Explicit integration of LHS over dt/2...

(2) Implicit integration of RHS over dt/2...

--------------------------------------------------------------------------------
BicGStab: Solving linear system...
--------------------------------------------------------------------------------

Iterations: 77
Final residual: 2.130531117461875e-7

(3) Explicit integration of RHS over dt/2...

(4) Explicit integration of LHS over dt...

(5) Implicit integration of RHS over dt/2...

--------------------------------------------------------------------------------
BicGStab: Solving linear system...
--------------------------------------------------------------------------------

Iterations: 57
Final residual: 1.1548907474522732e-6

...the semi-implicit time step is done.

--------------------------------------------------------------------------------
Time step = 142
Time = 2822.810679227698 seconds
--------------------------------------------------------------------------------

dtvisc = 3.703703703703704e9 seconds
dtconv = 22.81632521430616 seconds
dtmax = 1000.0 seconds

=> dt = dtconv = 22.81632521430616 seconds

Beginning a semi-implicit time step...

(1) Explicit integration of LHS over dt/2...

(2) Implicit integration of RHS over dt/2...

--------------------------------------------------------------------------------
BicGStab: Solving linear system...
--------------------------------------------------------------------------------

Iterations: 72
Final residual: 4.815098425332623e-7

(3) Explicit integration of RHS over dt/2...

(4) Explicit integration of LHS over dt...

(5) Implicit integration of RHS over dt/2...

--------------------------------------------------------------------------------
BicGStab: Solving linear system...
--------------------------------------------------------------------------------

Iterations: 57
Final residual: 5.908400054271647e-7

...the semi-implicit time step is done.

--------------------------------------------------------------------------------
Time step = 143
Time = 2845.6270044420044 seconds
--------------------------------------------------------------------------------

dtvisc = 3.703703703703704e9 seconds
dtconv = 22.823586560805225 seconds
dtmax = 1000.0 seconds

=> dt = dtconv = 22.823586560805225 seconds

Beginning a semi-implicit time step...

(1) Explicit integration of LHS over dt/2...

(2) Implicit integration of RHS over dt/2...

--------------------------------------------------------------------------------
BicGStab: Solving linear system...
--------------------------------------------------------------------------------

Iterations: 72
Final residual: 5.335210692070628e-7

(3) Explicit integration of RHS over dt/2...

(4) Explicit integration of LHS over dt...

(5) Implicit integration of RHS over dt/2...

--------------------------------------------------------------------------------
BicGStab: Solving linear system...
--------------------------------------------------------------------------------

Iterations: 59
Final residual: 1.4159708272697205e-6

...the semi-implicit time step is done.

--------------------------------------------------------------------------------
Time step = 144
Time = 2868.45059100281 seconds
--------------------------------------------------------------------------------

dtvisc = 3.703703703703704e9 seconds
dtconv = 22.832399982739332 seconds
dtmax = 1000.0 seconds

=> dt = dtconv = 22.832399982739332 seconds

Beginning a semi-implicit time step...

(1) Explicit integration of LHS over dt/2...

(2) Implicit integration of RHS over dt/2...

--------------------------------------------------------------------------------
BicGStab: Solving linear system...
--------------------------------------------------------------------------------

Iterations: 68
Final residual: 8.383180890838909e-7

(3) Explicit integration of RHS over dt/2...

(4) Explicit integration of LHS over dt...

(5) Implicit integration of RHS over dt/2...

--------------------------------------------------------------------------------
BicGStab: Solving linear system...
--------------------------------------------------------------------------------

Iterations: 60
Final residual: 1.396348406831098e-6

...the semi-implicit time step is done.

--------------------------------------------------------------------------------
Time step = 145
Time = 2891.282990985549 seconds
--------------------------------------------------------------------------------

dtvisc = 3.703703703703704e9 seconds
dtconv = 22.84165685281433 seconds
dtmax = 1000.0 seconds

=> dt = dtconv = 22.84165685281433 seconds

Time step for output: dt = 8.717009014451051 seconds

Beginning a semi-implicit time step...

(1) Explicit integration of LHS over dt/2...

(2) Implicit integration of RHS over dt/2...

--------------------------------------------------------------------------------
BicGStab: Solving linear system...
--------------------------------------------------------------------------------

Iterations: 68
Final residual: 4.373647544362101e-7

(3) Explicit integration of RHS over dt/2...

(4) Explicit integration of LHS over dt...

(5) Implicit integration of RHS over dt/2...

--------------------------------------------------------------------------------
BicGStab: Solving linear system...
--------------------------------------------------------------------------------

Iterations: 51
Final residual: 3.480319110125156e-6

...the semi-implicit time step is done.

--------------------------------------------------------------------------------
Output into file periodic_hill.h5
Physical time: 2900.0 s
Machine time: 2 minutes, 39 seconds, 509 milliseconds
--------------------------------------------------------------------------------

--------------------------------------------------------------------------------
Time step = 146
Time = 2900.0 seconds
--------------------------------------------------------------------------------

dtvisc = 3.703703703703704e9 seconds
dtconv = 22.844842603233058 seconds
dtmax = 1000.0 seconds

=> dt = dtconv = 22.844842603233058 seconds

Beginning a semi-implicit time step...

(1) Explicit integration of LHS over dt/2...

(2) Implicit integration of RHS over dt/2...

--------------------------------------------------------------------------------
BicGStab: Solving linear system...
--------------------------------------------------------------------------------

Iterations: 77
Final residual: 3.317762029746453e-7

(3) Explicit integration of RHS over dt/2...

(4) Explicit integration of LHS over dt...

(5) Implicit integration of RHS over dt/2...

--------------------------------------------------------------------------------
BicGStab: Solving linear system...
--------------------------------------------------------------------------------

Iterations: 61
Final residual: 1.6446620693394297e-6

...the semi-implicit time step is done.

--------------------------------------------------------------------------------
Time step = 147
Time = 2922.8448426032332 seconds
--------------------------------------------------------------------------------

dtvisc = 3.703703703703704e9 seconds
dtconv = 22.842598473848486 seconds
dtmax = 1000.0 seconds

=> dt = dtconv = 22.842598473848486 seconds

Beginning a semi-implicit time step...

(1) Explicit integration of LHS over dt/2...

(2) Implicit integration of RHS over dt/2...

--------------------------------------------------------------------------------
BicGStab: Solving linear system...
--------------------------------------------------------------------------------

Iterations: 73
Final residual: 6.34109134625369e-7

(3) Explicit integration of RHS over dt/2...

(4) Explicit integration of LHS over dt...

(5) Implicit integration of RHS over dt/2...

--------------------------------------------------------------------------------
BicGStab: Solving linear system...
--------------------------------------------------------------------------------

Iterations: 66
Final residual: 1.6611054802359072e-6

...the semi-implicit time step is done.

--------------------------------------------------------------------------------
Time step = 148
Time = 2945.687441077082 seconds
--------------------------------------------------------------------------------

dtvisc = 3.703703703703704e9 seconds
dtconv = 22.82431870809978 seconds
dtmax = 1000.0 seconds

=> dt = dtconv = 22.82431870809978 seconds

Beginning a semi-implicit time step...

(1) Explicit integration of LHS over dt/2...

(2) Implicit integration of RHS over dt/2...

--------------------------------------------------------------------------------
BicGStab: Solving linear system...
--------------------------------------------------------------------------------

Iterations: 72
Final residual: 8.655238786838812e-7

(3) Explicit integration of RHS over dt/2...

(4) Explicit integration of LHS over dt...

(5) Implicit integration of RHS over dt/2...

--------------------------------------------------------------------------------
BicGStab: Solving linear system...
--------------------------------------------------------------------------------

Iterations: 70
Final residual: 9.742703751232278e-7

...the semi-implicit time step is done.

--------------------------------------------------------------------------------
Time step = 149
Time = 2968.5117597851818 seconds
--------------------------------------------------------------------------------

dtvisc = 3.703703703703704e9 seconds
dtconv = 22.807395485689224 seconds
dtmax = 1000.0 seconds

=> dt = dtconv = 22.807395485689224 seconds

Beginning a semi-implicit time step...

(1) Explicit integration of LHS over dt/2...

(2) Implicit integration of RHS over dt/2...

--------------------------------------------------------------------------------
BicGStab: Solving linear system...
--------------------------------------------------------------------------------

Iterations: 72
Final residual: 5.544940881929908e-7

(3) Explicit integration of RHS over dt/2...

(4) Explicit integration of LHS over dt...

(5) Implicit integration of RHS over dt/2...

--------------------------------------------------------------------------------
BicGStab: Solving linear system...
--------------------------------------------------------------------------------

Iterations: 70
Final residual: 9.713250746224054e-8

...the semi-implicit time step is done.

--------------------------------------------------------------------------------
Time step = 150
Time = 2991.3191552708713 seconds
--------------------------------------------------------------------------------

dtvisc = 3.703703703703704e9 seconds
dtconv = 22.79183644604875 seconds
dtmax = 1000.0 seconds

=> dt = dtconv = 22.79183644604875 seconds

Time step for output: dt = 8.680844729128847 seconds

Beginning a semi-implicit time step...

(1) Explicit integration of LHS over dt/2...

(2) Implicit integration of RHS over dt/2...

--------------------------------------------------------------------------------
BicGStab: Solving linear system...
--------------------------------------------------------------------------------

Iterations: 68
Final residual: 1.3282862548897788e-6

(3) Explicit integration of RHS over dt/2...

(4) Explicit integration of LHS over dt...

(5) Implicit integration of RHS over dt/2...

--------------------------------------------------------------------------------
BicGStab: Solving linear system...
--------------------------------------------------------------------------------

Iterations: 56
Final residual: 4.359849171146665e-6

...the semi-implicit time step is done.

--------------------------------------------------------------------------------
Output into file periodic_hill.h5
Physical time: 3000.0 s
Machine time: 2 minutes, 42 seconds, 156 milliseconds
--------------------------------------------------------------------------------

--------------------------------------------------------------------------------
Time step = 151
Time = 3000.0 seconds
--------------------------------------------------------------------------------

dtvisc = 3.703703703703704e9 seconds
dtconv = 22.78607118028564 seconds
dtmax = 1000.0 seconds

=> dt = dtconv = 22.78607118028564 seconds

Beginning a semi-implicit time step...

(1) Explicit integration of LHS over dt/2...

(2) Implicit integration of RHS over dt/2...

--------------------------------------------------------------------------------
BicGStab: Solving linear system...
--------------------------------------------------------------------------------

Iterations: 75
Final residual: 3.38391249772771e-7

(3) Explicit integration of RHS over dt/2...

(4) Explicit integration of LHS over dt...

(5) Implicit integration of RHS over dt/2...

--------------------------------------------------------------------------------
BicGStab: Solving linear system...
--------------------------------------------------------------------------------

Iterations: 72
Final residual: 4.624822586979948e-7

...the semi-implicit time step is done.

--------------------------------------------------------------------------------
Time step = 152
Time = 3022.7860711802855 seconds
--------------------------------------------------------------------------------

dtvisc = 3.703703703703704e9 seconds
dtconv = 22.7725367400825 seconds
dtmax = 1000.0 seconds

=> dt = dtconv = 22.7725367400825 seconds

Beginning a semi-implicit time step...

(1) Explicit integration of LHS over dt/2...

(2) Implicit integration of RHS over dt/2...

--------------------------------------------------------------------------------
BicGStab: Solving linear system...
--------------------------------------------------------------------------------

Iterations: 72
Final residual: 8.459459330619457e-8

(3) Explicit integration of RHS over dt/2...

(4) Explicit integration of LHS over dt...

(5) Implicit integration of RHS over dt/2...

--------------------------------------------------------------------------------
BicGStab: Solving linear system...
--------------------------------------------------------------------------------

Iterations: 71
Final residual: 3.8875022098161556e-7

...the semi-implicit time step is done.

--------------------------------------------------------------------------------
Time step = 153
Time = 3045.558607920368 seconds
--------------------------------------------------------------------------------

dtvisc = 3.703703703703704e9 seconds
dtconv = 22.76047680344037 seconds
dtmax = 1000.0 seconds

=> dt = dtconv = 22.76047680344037 seconds

Beginning a semi-implicit time step...

(1) Explicit integration of LHS over dt/2...

(2) Implicit integration of RHS over dt/2...

--------------------------------------------------------------------------------
BicGStab: Solving linear system...
--------------------------------------------------------------------------------

Iterations: 73
Final residual: 3.998948450424626e-7

(3) Explicit integration of RHS over dt/2...

(4) Explicit integration of LHS over dt...

(5) Implicit integration of RHS over dt/2...

--------------------------------------------------------------------------------
BicGStab: Solving linear system...
--------------------------------------------------------------------------------

Iterations: 70
Final residual: 1.4543649503372725e-6

...the semi-implicit time step is done.

--------------------------------------------------------------------------------
Time step = 154
Time = 3068.3190847238084 seconds
--------------------------------------------------------------------------------

dtvisc = 3.703703703703704e9 seconds
dtconv = 22.74993948156358 seconds
dtmax = 1000.0 seconds

=> dt = dtconv = 22.74993948156358 seconds

Beginning a semi-implicit time step...

(1) Explicit integration of LHS over dt/2...

(2) Implicit integration of RHS over dt/2...

--------------------------------------------------------------------------------
BicGStab: Solving linear system...
--------------------------------------------------------------------------------

Iterations: 71
Final residual: 7.672355857071339e-7

(3) Explicit integration of RHS over dt/2...

(4) Explicit integration of LHS over dt...

(5) Implicit integration of RHS over dt/2...

--------------------------------------------------------------------------------
BicGStab: Solving linear system...
--------------------------------------------------------------------------------

Iterations: 71
Final residual: 1.1725964929447985e-6

...the semi-implicit time step is done.

--------------------------------------------------------------------------------
Time step = 155
Time = 3091.069024205372 seconds
--------------------------------------------------------------------------------

dtvisc = 3.703703703703704e9 seconds
dtconv = 22.740994432988312 seconds
dtmax = 1000.0 seconds

=> dt = dtconv = 22.740994432988312 seconds

Time step for output: dt = 8.930975794627894 seconds

Beginning a semi-implicit time step...

(1) Explicit integration of LHS over dt/2...

(2) Implicit integration of RHS over dt/2...

--------------------------------------------------------------------------------
BicGStab: Solving linear system...
--------------------------------------------------------------------------------

Iterations: 69
Final residual: 1.181547108328115e-6

(3) Explicit integration of RHS over dt/2...

(4) Explicit integration of LHS over dt...

(5) Implicit integration of RHS over dt/2...

--------------------------------------------------------------------------------
BicGStab: Solving linear system...
--------------------------------------------------------------------------------

Iterations: 58
Final residual: 7.88970850385081e-6

...the semi-implicit time step is done.

--------------------------------------------------------------------------------
Output into file periodic_hill.h5
Physical time: 3100.0 s
Machine time: 2 minutes, 44 seconds, 322 milliseconds
--------------------------------------------------------------------------------

--------------------------------------------------------------------------------
Time step = 156
Time = 3100.0 seconds
--------------------------------------------------------------------------------

dtvisc = 3.703703703703704e9 seconds
dtconv = 22.737663531816747 seconds
dtmax = 1000.0 seconds

=> dt = dtconv = 22.737663531816747 seconds

Beginning a semi-implicit time step...

(1) Explicit integration of LHS over dt/2...

(2) Implicit integration of RHS over dt/2...

--------------------------------------------------------------------------------
BicGStab: Solving linear system...
--------------------------------------------------------------------------------

Iterations: 76
Final residual: 3.757738085640682e-7

(3) Explicit integration of RHS over dt/2...

(4) Explicit integration of LHS over dt...

(5) Implicit integration of RHS over dt/2...

--------------------------------------------------------------------------------
BicGStab: Solving linear system...
--------------------------------------------------------------------------------

Iterations: 76
Final residual: 1.898380847646097e-7

...the semi-implicit time step is done.

--------------------------------------------------------------------------------
Time step = 157
Time = 3122.7376635318165 seconds
--------------------------------------------------------------------------------

dtvisc = 3.703703703703704e9 seconds
dtconv = 22.731125842426415 seconds
dtmax = 1000.0 seconds

=> dt = dtconv = 22.731125842426415 seconds

Beginning a semi-implicit time step...

(1) Explicit integration of LHS over dt/2...

(2) Implicit integration of RHS over dt/2...

--------------------------------------------------------------------------------
BicGStab: Solving linear system...
--------------------------------------------------------------------------------

Iterations: 71
Final residual: 4.152925099554545e-7

(3) Explicit integration of RHS over dt/2...

(4) Explicit integration of LHS over dt...

(5) Implicit integration of RHS over dt/2...

--------------------------------------------------------------------------------
BicGStab: Solving linear system...
--------------------------------------------------------------------------------

Iterations: 66
Final residual: 1.4384259819006459e-6

...the semi-implicit time step is done.

--------------------------------------------------------------------------------
Time step = 158
Time = 3145.468789374243 seconds
--------------------------------------------------------------------------------

dtvisc = 3.703703703703704e9 seconds
dtconv = 22.726269940311234 seconds
dtmax = 1000.0 seconds

=> dt = dtconv = 22.726269940311234 seconds

Beginning a semi-implicit time step...

(1) Explicit integration of LHS over dt/2...

(2) Implicit integration of RHS over dt/2...

--------------------------------------------------------------------------------
BicGStab: Solving linear system...
--------------------------------------------------------------------------------

Iterations: 71
Final residual: 9.417140769475648e-7

(3) Explicit integration of RHS over dt/2...

(4) Explicit integration of LHS over dt...

(5) Implicit integration of RHS over dt/2...

--------------------------------------------------------------------------------
BicGStab: Solving linear system...
--------------------------------------------------------------------------------

Iterations: 70
Final residual: 1.4648716238538639e-6

...the semi-implicit time step is done.

--------------------------------------------------------------------------------
Time step = 159
Time = 3168.1950593145543 seconds
--------------------------------------------------------------------------------

dtvisc = 3.703703703703704e9 seconds
dtconv = 22.723137844374918 seconds
dtmax = 1000.0 seconds

=> dt = dtconv = 22.723137844374918 seconds

Beginning a semi-implicit time step...

(1) Explicit integration of LHS over dt/2...

(2) Implicit integration of RHS over dt/2...

--------------------------------------------------------------------------------
BicGStab: Solving linear system...
--------------------------------------------------------------------------------

Iterations: 69
Final residual: 9.420380739585286e-7

(3) Explicit integration of RHS over dt/2...

(4) Explicit integration of LHS over dt...

(5) Implicit integration of RHS over dt/2...

--------------------------------------------------------------------------------
BicGStab: Solving linear system...
--------------------------------------------------------------------------------

Iterations: 71
Final residual: 4.066843653566371e-7

...the semi-implicit time step is done.

--------------------------------------------------------------------------------
Time step = 160
Time = 3190.918197158929 seconds
--------------------------------------------------------------------------------

dtvisc = 3.703703703703704e9 seconds
dtconv = 22.721463036626936 seconds
dtmax = 1000.0 seconds

=> dt = dtconv = 22.721463036626936 seconds

Time step for output: dt = 9.081802841070791 seconds

Beginning a semi-implicit time step...

(1) Explicit integration of LHS over dt/2...

(2) Implicit integration of RHS over dt/2...

--------------------------------------------------------------------------------
BicGStab: Solving linear system...
--------------------------------------------------------------------------------

Iterations: 71
Final residual: 1.1978444651636093e-6

(3) Explicit integration of RHS over dt/2...

(4) Explicit integration of LHS over dt...

(5) Implicit integration of RHS over dt/2...

--------------------------------------------------------------------------------
BicGStab: Solving linear system...
--------------------------------------------------------------------------------

Iterations: 53
Final residual: 6.6491061434331535e-6

...the semi-implicit time step is done.

--------------------------------------------------------------------------------
Output into file periodic_hill.h5
Physical time: 3200.0 s
Machine time: 2 minutes, 46 seconds, 775 milliseconds
--------------------------------------------------------------------------------

--------------------------------------------------------------------------------
Time step = 161
Time = 3200.0 seconds
--------------------------------------------------------------------------------

dtvisc = 3.703703703703704e9 seconds
dtconv = 22.72035710319201 seconds
dtmax = 1000.0 seconds

=> dt = dtconv = 22.72035710319201 seconds

Beginning a semi-implicit time step...

(1) Explicit integration of LHS over dt/2...

(2) Implicit integration of RHS over dt/2...

--------------------------------------------------------------------------------
BicGStab: Solving linear system...
--------------------------------------------------------------------------------

Iterations: 77
Final residual: 4.627525906532273e-7

(3) Explicit integration of RHS over dt/2...

(4) Explicit integration of LHS over dt...

(5) Implicit integration of RHS over dt/2...

--------------------------------------------------------------------------------
BicGStab: Solving linear system...
--------------------------------------------------------------------------------

Iterations: 64
Final residual: 1.7139333344627619e-6

...the semi-implicit time step is done.

--------------------------------------------------------------------------------
Time step = 162
Time = 3222.720357103192 seconds
--------------------------------------------------------------------------------

dtvisc = 3.703703703703704e9 seconds
dtconv = 22.719004762694556 seconds
dtmax = 1000.0 seconds

=> dt = dtconv = 22.719004762694556 seconds

Beginning a semi-implicit time step...

(1) Explicit integration of LHS over dt/2...

(2) Implicit integration of RHS over dt/2...

--------------------------------------------------------------------------------
BicGStab: Solving linear system...
--------------------------------------------------------------------------------

Iterations: 72
Final residual: 5.346354026161084e-7

(3) Explicit integration of RHS over dt/2...

(4) Explicit integration of LHS over dt...

(5) Implicit integration of RHS over dt/2...

--------------------------------------------------------------------------------
BicGStab: Solving linear system...
--------------------------------------------------------------------------------

Iterations: 59
Final residual: 1.6737184472602374e-6

...the semi-implicit time step is done.

--------------------------------------------------------------------------------
Time step = 163
Time = 3245.4393618658864 seconds
--------------------------------------------------------------------------------

dtvisc = 3.703703703703704e9 seconds
dtconv = 22.718899559753748 seconds
dtmax = 1000.0 seconds

=> dt = dtconv = 22.718899559753748 seconds

Beginning a semi-implicit time step...

(1) Explicit integration of LHS over dt/2...

(2) Implicit integration of RHS over dt/2...

--------------------------------------------------------------------------------
BicGStab: Solving linear system...
--------------------------------------------------------------------------------

Iterations: 69
Final residual: 5.561128009007392e-7

(3) Explicit integration of RHS over dt/2...

(4) Explicit integration of LHS over dt...

(5) Implicit integration of RHS over dt/2...

--------------------------------------------------------------------------------
BicGStab: Solving linear system...
--------------------------------------------------------------------------------

Iterations: 56
Final residual: 1.6998217181098382e-6

...the semi-implicit time step is done.

--------------------------------------------------------------------------------
Time step = 164
Time = 3268.1582614256404 seconds
--------------------------------------------------------------------------------

dtvisc = 3.703703703703704e9 seconds
dtconv = 22.71996477911309 seconds
dtmax = 1000.0 seconds

=> dt = dtconv = 22.71996477911309 seconds

Beginning a semi-implicit time step...

(1) Explicit integration of LHS over dt/2...

(2) Implicit integration of RHS over dt/2...

--------------------------------------------------------------------------------
BicGStab: Solving linear system...
--------------------------------------------------------------------------------

Iterations: 72
Final residual: 4.5551663024937867e-7

(3) Explicit integration of RHS over dt/2...

(4) Explicit integration of LHS over dt...

(5) Implicit integration of RHS over dt/2...

--------------------------------------------------------------------------------
BicGStab: Solving linear system...
--------------------------------------------------------------------------------

Iterations: 57
Final residual: 1.2571637907373608e-6

...the semi-implicit time step is done.

--------------------------------------------------------------------------------
Time step = 165
Time = 3290.8782262047534 seconds
--------------------------------------------------------------------------------

dtvisc = 3.703703703703704e9 seconds
dtconv = 22.721966324821906 seconds
dtmax = 1000.0 seconds

=> dt = dtconv = 22.721966324821906 seconds

Time step for output: dt = 9.121773795246561 seconds

Beginning a semi-implicit time step...

(1) Explicit integration of LHS over dt/2...

(2) Implicit integration of RHS over dt/2...

--------------------------------------------------------------------------------
BicGStab: Solving linear system...
--------------------------------------------------------------------------------

Iterations: 76
Final residual: 1.0424860889669316e-6

(3) Explicit integration of RHS over dt/2...

(4) Explicit integration of LHS over dt...

(5) Implicit integration of RHS over dt/2...

--------------------------------------------------------------------------------
BicGStab: Solving linear system...
--------------------------------------------------------------------------------

Iterations: 53
Final residual: 7.320862514492322e-6

...the semi-implicit time step is done.

--------------------------------------------------------------------------------
Output into file periodic_hill.h5
Physical time: 3300.0 s
Machine time: 2 minutes, 48 seconds, 549 milliseconds
--------------------------------------------------------------------------------

--------------------------------------------------------------------------------
Time step = 166
Time = 3300.0 seconds
--------------------------------------------------------------------------------

dtvisc = 3.703703703703704e9 seconds
dtconv = 22.722762320037994 seconds
dtmax = 1000.0 seconds

=> dt = dtconv = 22.722762320037994 seconds

Beginning a semi-implicit time step...

(1) Explicit integration of LHS over dt/2...

(2) Implicit integration of RHS over dt/2...

--------------------------------------------------------------------------------
BicGStab: Solving linear system...
--------------------------------------------------------------------------------

Iterations: 76
Final residual: 3.148023020603311e-7

(3) Explicit integration of RHS over dt/2...

(4) Explicit integration of LHS over dt...

(5) Implicit integration of RHS over dt/2...

--------------------------------------------------------------------------------
BicGStab: Solving linear system...
--------------------------------------------------------------------------------

Iterations: 55
Final residual: 1.0019133380564806e-6

...the semi-implicit time step is done.

--------------------------------------------------------------------------------
Time step = 167
Time = 3322.722762320038 seconds
--------------------------------------------------------------------------------

dtvisc = 3.703703703703704e9 seconds
dtconv = 22.726123909686923 seconds
dtmax = 1000.0 seconds

=> dt = dtconv = 22.726123909686923 seconds

Beginning a semi-implicit time step...

(1) Explicit integration of LHS over dt/2...

(2) Implicit integration of RHS over dt/2...

--------------------------------------------------------------------------------
BicGStab: Solving linear system...
--------------------------------------------------------------------------------

Iterations: 74
Final residual: 6.584753277056537e-7

(3) Explicit integration of RHS over dt/2...

(4) Explicit integration of LHS over dt...

(5) Implicit integration of RHS over dt/2...

--------------------------------------------------------------------------------
BicGStab: Solving linear system...
--------------------------------------------------------------------------------

Iterations: 56
Final residual: 9.969355520850442e-7

...the semi-implicit time step is done.

--------------------------------------------------------------------------------
Time step = 168
Time = 3345.448886229725 seconds
--------------------------------------------------------------------------------

dtvisc = 3.703703703703704e9 seconds
dtconv = 22.730281517420178 seconds
dtmax = 1000.0 seconds

=> dt = dtconv = 22.730281517420178 seconds

Beginning a semi-implicit time step...

(1) Explicit integration of LHS over dt/2...

(2) Implicit integration of RHS over dt/2...

--------------------------------------------------------------------------------
BicGStab: Solving linear system...
--------------------------------------------------------------------------------

Iterations: 73
Final residual: 7.939434892817136e-7

(3) Explicit integration of RHS over dt/2...

(4) Explicit integration of LHS over dt...

(5) Implicit integration of RHS over dt/2...

--------------------------------------------------------------------------------
BicGStab: Solving linear system...
--------------------------------------------------------------------------------

Iterations: 58
Final residual: 1.1197924311026316e-6

...the semi-implicit time step is done.

--------------------------------------------------------------------------------
Time step = 169
Time = 3368.1791677471447 seconds
--------------------------------------------------------------------------------

dtvisc = 3.703703703703704e9 seconds
dtconv = 22.735136658809058 seconds
dtmax = 1000.0 seconds

=> dt = dtconv = 22.735136658809058 seconds

Beginning a semi-implicit time step...

(1) Explicit integration of LHS over dt/2...

(2) Implicit integration of RHS over dt/2...

--------------------------------------------------------------------------------
BicGStab: Solving linear system...
--------------------------------------------------------------------------------

Iterations: 74
Final residual: 4.6060896382977184e-7

(3) Explicit integration of RHS over dt/2...

(4) Explicit integration of LHS over dt...

(5) Implicit integration of RHS over dt/2...

--------------------------------------------------------------------------------
BicGStab: Solving linear system...
--------------------------------------------------------------------------------

Iterations: 55
Final residual: 1.2647656920380828e-6

...the semi-implicit time step is done.

--------------------------------------------------------------------------------
Time step = 170
Time = 3390.9143044059538 seconds
--------------------------------------------------------------------------------

dtvisc = 3.703703703703704e9 seconds
dtconv = 22.740650321132158 seconds
dtmax = 1000.0 seconds

=> dt = dtconv = 22.740650321132158 seconds

Time step for output: dt = 9.08569559404618 seconds

Beginning a semi-implicit time step...

(1) Explicit integration of LHS over dt/2...

(2) Implicit integration of RHS over dt/2...

--------------------------------------------------------------------------------
BicGStab: Solving linear system...
--------------------------------------------------------------------------------

Iterations: 72
Final residual: 3.935720968390214e-7

(3) Explicit integration of RHS over dt/2...

(4) Explicit integration of LHS over dt...

(5) Implicit integration of RHS over dt/2...

--------------------------------------------------------------------------------
BicGStab: Solving linear system...
--------------------------------------------------------------------------------

Iterations: 54
Final residual: 4.237232570177787e-6

...the semi-implicit time step is done.

--------------------------------------------------------------------------------
Output into file periodic_hill.h5
Physical time: 3400.0 s
Machine time: 2 minutes, 50 seconds, 575 milliseconds
--------------------------------------------------------------------------------

--------------------------------------------------------------------------------
Time step = 171
Time = 3400.0 seconds
--------------------------------------------------------------------------------

dtvisc = 3.703703703703704e9 seconds
dtconv = 22.740214407658925 seconds
dtmax = 1000.0 seconds

=> dt = dtconv = 22.740214407658925 seconds

Beginning a semi-implicit time step...

(1) Explicit integration of LHS over dt/2...

(2) Implicit integration of RHS over dt/2...

--------------------------------------------------------------------------------
BicGStab: Solving linear system...
--------------------------------------------------------------------------------

Iterations: 72
Final residual: 5.529529104513502e-7

(3) Explicit integration of RHS over dt/2...

(4) Explicit integration of LHS over dt...

(5) Implicit integration of RHS over dt/2...

--------------------------------------------------------------------------------
BicGStab: Solving linear system...
--------------------------------------------------------------------------------

Iterations: 54
Final residual: 8.081075888669242e-7

...the semi-implicit time step is done.

--------------------------------------------------------------------------------
Time step = 172
Time = 3422.740214407659 seconds
--------------------------------------------------------------------------------

dtvisc = 3.703703703703704e9 seconds
dtconv = 22.73391495736013 seconds
dtmax = 1000.0 seconds

=> dt = dtconv = 22.73391495736013 seconds

Beginning a semi-implicit time step...

(1) Explicit integration of LHS over dt/2...

(2) Implicit integration of RHS over dt/2...

--------------------------------------------------------------------------------
BicGStab: Solving linear system...
--------------------------------------------------------------------------------

Iterations: 72
Final residual: 8.135748474877084e-7

(3) Explicit integration of RHS over dt/2...

(4) Explicit integration of LHS over dt...

(5) Implicit integration of RHS over dt/2...

--------------------------------------------------------------------------------
BicGStab: Solving linear system...
--------------------------------------------------------------------------------

Iterations: 69
Final residual: 1.974074364694297e-7

...the semi-implicit time step is done.

--------------------------------------------------------------------------------
Time step = 173
Time = 3445.474129365019 seconds
--------------------------------------------------------------------------------

dtvisc = 3.703703703703704e9 seconds
dtconv = 22.728837739553583 seconds
dtmax = 1000.0 seconds

=> dt = dtconv = 22.728837739553583 seconds

Beginning a semi-implicit time step...

(1) Explicit integration of LHS over dt/2...

(2) Implicit integration of RHS over dt/2...

--------------------------------------------------------------------------------
BicGStab: Solving linear system...
--------------------------------------------------------------------------------

Iterations: 73
Final residual: 7.657865573417221e-7

(3) Explicit integration of RHS over dt/2...

(4) Explicit integration of LHS over dt...

(5) Implicit integration of RHS over dt/2...

--------------------------------------------------------------------------------
BicGStab: Solving linear system...
--------------------------------------------------------------------------------

Iterations: 72
Final residual: 3.3339807256065365e-7

...the semi-implicit time step is done.

--------------------------------------------------------------------------------
Time step = 174
Time = 3468.2029671045725 seconds
--------------------------------------------------------------------------------

dtvisc = 3.703703703703704e9 seconds
dtconv = 22.724982721750806 seconds
dtmax = 1000.0 seconds

=> dt = dtconv = 22.724982721750806 seconds

Beginning a semi-implicit time step...

(1) Explicit integration of LHS over dt/2...

(2) Implicit integration of RHS over dt/2...

--------------------------------------------------------------------------------
BicGStab: Solving linear system...
--------------------------------------------------------------------------------

Iterations: 73
Final residual: 8.47263474161923e-7

(3) Explicit integration of RHS over dt/2...

(4) Explicit integration of LHS over dt...

(5) Implicit integration of RHS over dt/2...

--------------------------------------------------------------------------------
BicGStab: Solving linear system...
--------------------------------------------------------------------------------

Iterations: 69
Final residual: 1.444661508034037e-6

...the semi-implicit time step is done.

--------------------------------------------------------------------------------
Time step = 175
Time = 3490.927949826323 seconds
--------------------------------------------------------------------------------

dtvisc = 3.703703703703704e9 seconds
dtconv = 22.72238758522118 seconds
dtmax = 1000.0 seconds

=> dt = dtconv = 22.72238758522118 seconds

Time step for output: dt = 9.072050173676681 seconds

Beginning a semi-implicit time step...

(1) Explicit integration of LHS over dt/2...

(2) Implicit integration of RHS over dt/2...

--------------------------------------------------------------------------------
BicGStab: Solving linear system...
--------------------------------------------------------------------------------

Iterations: 76
Final residual: 9.7636772169623e-7

(3) Explicit integration of RHS over dt/2...

(4) Explicit integration of LHS over dt...

(5) Implicit integration of RHS over dt/2...

--------------------------------------------------------------------------------
BicGStab: Solving linear system...
--------------------------------------------------------------------------------

Iterations: 63
Final residual: 5.6134178562418015e-6

...the semi-implicit time step is done.

--------------------------------------------------------------------------------
Output into file periodic_hill.h5
Physical time: 3500.0 s
Machine time: 2 minutes, 53 seconds, 184 milliseconds
--------------------------------------------------------------------------------

--------------------------------------------------------------------------------
Time step = 176
Time = 3500.0 seconds
--------------------------------------------------------------------------------

dtvisc = 3.703703703703704e9 seconds
dtconv = 22.721424589729693 seconds
dtmax = 1000.0 seconds

=> dt = dtconv = 22.721424589729693 seconds

Beginning a semi-implicit time step...

(1) Explicit integration of LHS over dt/2...

(2) Implicit integration of RHS over dt/2...

--------------------------------------------------------------------------------
BicGStab: Solving linear system...
--------------------------------------------------------------------------------

Iterations: 78
Final residual: 5.029818465373418e-7

(3) Explicit integration of RHS over dt/2...

(4) Explicit integration of LHS over dt...

(5) Implicit integration of RHS over dt/2...

--------------------------------------------------------------------------------
BicGStab: Solving linear system...
--------------------------------------------------------------------------------

Iterations: 71
Final residual: 1.5324338495487785e-6

...the semi-implicit time step is done.

--------------------------------------------------------------------------------
Time step = 177
Time = 3522.7214245897294 seconds
--------------------------------------------------------------------------------

dtvisc = 3.703703703703704e9 seconds
dtconv = 22.720748765954944 seconds
dtmax = 1000.0 seconds

=> dt = dtconv = 22.720748765954944 seconds

Beginning a semi-implicit time step...

(1) Explicit integration of LHS over dt/2...

(2) Implicit integration of RHS over dt/2...

--------------------------------------------------------------------------------
BicGStab: Solving linear system...
--------------------------------------------------------------------------------

Iterations: 72
Final residual: 2.0359736302237452e-7

(3) Explicit integration of RHS over dt/2...

(4) Explicit integration of LHS over dt...

(5) Implicit integration of RHS over dt/2...

--------------------------------------------------------------------------------
BicGStab: Solving linear system...
--------------------------------------------------------------------------------

Iterations: 70
Final residual: 7.504679080454221e-7

...the semi-implicit time step is done.

--------------------------------------------------------------------------------
Time step = 178
Time = 3545.4421733556846 seconds
--------------------------------------------------------------------------------

dtvisc = 3.703703703703704e9 seconds
dtconv = 22.721475996792922 seconds
dtmax = 1000.0 seconds

=> dt = dtconv = 22.721475996792922 seconds

Beginning a semi-implicit time step...

(1) Explicit integration of LHS over dt/2...

(2) Implicit integration of RHS over dt/2...

--------------------------------------------------------------------------------
BicGStab: Solving linear system...
--------------------------------------------------------------------------------

Iterations: 71
Final residual: 7.75361914294819e-7

(3) Explicit integration of RHS over dt/2...

(4) Explicit integration of LHS over dt...

(5) Implicit integration of RHS over dt/2...

--------------------------------------------------------------------------------
BicGStab: Solving linear system...
--------------------------------------------------------------------------------

Iterations: 72
Final residual: 1.3883122040486872e-6

...the semi-implicit time step is done.

--------------------------------------------------------------------------------
Time step = 179
Time = 3568.163649352478 seconds
--------------------------------------------------------------------------------

dtvisc = 3.703703703703704e9 seconds
dtconv = 22.72073222677044 seconds
dtmax = 1000.0 seconds

=> dt = dtconv = 22.72073222677044 seconds

Beginning a semi-implicit time step...

(1) Explicit integration of LHS over dt/2...

(2) Implicit integration of RHS over dt/2...

--------------------------------------------------------------------------------
BicGStab: Solving linear system...
--------------------------------------------------------------------------------

Iterations: 72
Final residual: 4.794867852489588e-7

(3) Explicit integration of RHS over dt/2...

(4) Explicit integration of LHS over dt...

(5) Implicit integration of RHS over dt/2...

--------------------------------------------------------------------------------
BicGStab: Solving linear system...
--------------------------------------------------------------------------------

Iterations: 71
Final residual: 9.10054217997905e-7

...the semi-implicit time step is done.

--------------------------------------------------------------------------------
Time step = 180
Time = 3590.8843815792484 seconds
--------------------------------------------------------------------------------

dtvisc = 3.703703703703704e9 seconds
dtconv = 22.697059060695718 seconds
dtmax = 1000.0 seconds

=> dt = dtconv = 22.697059060695718 seconds

Time step for output: dt = 9.115618420751549 seconds

Beginning a semi-implicit time step...

(1) Explicit integration of LHS over dt/2...

(2) Implicit integration of RHS over dt/2...

--------------------------------------------------------------------------------
BicGStab: Solving linear system...
--------------------------------------------------------------------------------

Iterations: 76
Final residual: 1.1539496161207567e-6

(3) Explicit integration of RHS over dt/2...

(4) Explicit integration of LHS over dt...

(5) Implicit integration of RHS over dt/2...

--------------------------------------------------------------------------------
BicGStab: Solving linear system...
--------------------------------------------------------------------------------

Iterations: 54
Final residual: 7.384662322083399e-6

...the semi-implicit time step is done.

--------------------------------------------------------------------------------
Output into file periodic_hill.h5
Physical time: 3600.0 s
Machine time: 2 minutes, 55 seconds, 390 milliseconds
--------------------------------------------------------------------------------

--------------------------------------------------------------------------------
Average Poisson iterations: 70.65555555555555
--------------------------------------------------------------------------------

--------------------------------------------------------------------------------
                              PinCFlow.jl finished
--------------------------------------------------------------------------------
